Номер задачи,Время в секундах,Память в Мб,Сложность в %,title,h1
1,1,16,2,1. A+B,A+B
2,1,16,19,2. Сумма,Сумма
3,1,16,8,3. Пятью пять – двадцать пять!,Пятью пять - двадцать пять!
4,1,16,4,4. Игра,Игра
5,1,16,15,5. Статистика,Статистика
6,1,16,23,6. Шахматы,Шахматы
7,1,16,30,7. Золото племени АББА,Золото племени АББА
8,1,16,5,8. Арифметика,Арифметика
9,1,16,27,9. Домашнее задание,Домашнее задание
10,1,16,17,10. Уравнение,Уравнение
11,1,16,55,11. Зайчик,Зайчик
12,1,16,45,12. Дачники,Дачники
13,1,16,20,13. Быки и коровы,Быки и коровы
14,1,16,19,14. НОК,НОК
15,1,16,18,15. Дороги,Дороги
16,1,16,45,16. Лесенка,Лесенка
17,"0,5",16,31,17. Поле чудес,Поле чудес
18,1,16,42,18. Факториал,Факториал
19,1,16,29,"19. Ферзь, ладья и конь","Ферзь, ладья и конь"
20,2,128,38,20. Пилообразная последовательность,Пилообразная последовательность
21,1,16,4,21. Зарплата,Зарплата
22,1,16,16,22. Единицы,Единицы
23,1,16,13,23. Гадание,Гадание
24,1,16,46,24. Вырубка деревьев,Вырубка деревьев
25,1,16,3,25. Больше - меньше,Больше-меньше
26,1,16,17,26. Две окружности,Две окружности
27,1,16,26,27. Художник,Художник
28,1,16,19,28. Симметрия,Симметрия
29,1,16,38,29. Компьютерная игра,Компьютерная игра
30,1,16,30,30. Часы,Часы
31,1,16,47,31. Неподвижные точки,Неподвижные точки
32,1,16,35,32. Годовой баланс,Годовой баланс
33,1,16,4,33. Два бандита,Два бандита
34,"0,2",16,36,34. Секретное сообщение,Секретное сообщение
35,1,16,11,35. Конечные автоматы,Конечные автоматы
36,1,16,30,36. Постулат Бертрана,Постулат Бертрана
37,1,16,34,37. Сжимающий оператор,Сжимающий оператор
38,1,16,45,38. Игра - 2,Игра - 2
39,1,16,32,39. Волосатый бизнес,Волосатый бизнес
40,1,16,30,40. 2^N,2^N
41,2,128,29,41. Сортировка подсчетом,Сортировка подсчетом
42,1,16,40,42. Драконы,Драконы
43,1,16,16,43. Нули,Нули
44,1,16,20,44. Стрелки,Стрелки
45,1,16,42,45. Произведение цифр,Произведение цифр
46,1,16,20,46. Число Е,Число E
47,1,16,26,47. Наилучший делитель,Наилучший делитель
48,1,16,23,48. Наихудший делитель,Наихудший делитель
49,1,16,35,49. Шаблоны,Шаблоны
50,1,16,29,50. Строки,Строки
51,1,16,21,51. Факториалы!!!,Факториалы!!!
52,1,16,12,52. Счастливый билет,Счастливый билет
53,1,16,22,53. Раскраска таблицы умножения,Раскраска таблицы умножения
54,1,16,28,54. Теория игр,Теория игр
55,1,16,31,55. Фонарики,Фонарики
56,1,16,29,56. Jивой Jурнал,Jивой Jурнал
57,1,16,28,57. Компьютерная сеть,Компьютерная сеть
58,1,16,28,58. Проверка на симпатичность,Проверка на симпатичность
59,1,16,25,59. Несложное вычисление,Несложное вычисление
60,1,16,39,60. Сверхпростые числа,Сверхпростые числа
61,1,16,5,61. Баскетбол,Баскетбол
62,1,16,15,62. Клетки,Клетки
63,1,16,18,63. Загадка,Загадка
64,1,16,27,64. Простой ряд,Простой ряд
65,1,16,27,65. Расстояние Хэмминга,Расстояние Хэмминга
66,1,16,11,66. Клавиатура,Клавиатура
67,"0,4",16,33,67. Маска подсетей,Маска подсетей
68,1,16,21,68. Дом – Школа – Дом,Дом - Школа - Дом
69,1,16,28,69. N-угольное колесо,N-угольное колесо
70,1,16,30,70. Степень строки,Степень строки
71,1,16,43,71. Две кучки камней,Две кучки камней
72,1,16,45,72. Анаграмма,Анаграмма
73,1,16,28,73. Расшифровка,Расшифровка
74,1,16,38,74. Прыжки с шестом,Прыжки с шестом
75,1,16,48,75. Сумма произведений,Сумма произведений
76,1,16,50,76. Музей,Музей
77,1,16,63,77. Нолики,Нолики
78,1,16,48,78. Бутылки,Бутылки
79,1,16,21,79. Последняя цифра A^B,Последняя цифра A^B
80,1,16,37,80. Тождество,Тождество
81,"0,5",16,14,81. Арбузы,Арбузы
82,1,64,34,82. Пересечение множеств,Пересечение множеств
83,1,16,66,83. Симпатичные узоры,Симпатичные узоры
84,1,16,27,84. Выпуклая оболочка,Выпуклая оболочка
85,1,16,23,85. Единичный НОД,Единичный НОД
86,1,16,15,86. Головоломка про ферзей,Головоломка про ферзей
87,"0,4",16,42,87. Строки - 2,Строки - 2
88,1,16,27,88. Судоку,Судоку
89,1,16,30,89. Быстрый поезд,Быстрый поезд
90,1,16,37,90. Треугольные страны,Треугольные страны
91,1,16,29,91. Две последовательности,Две последовательности
92,1,16,7,92. Журавлики,Журавлики
93,1,16,26,93. Боги,Боги
94,1,16,22,94. Принц и дракон,Принц и дракон
95,1,16,24,95. Нумеролог,Нумеролог
96,1,16,41,96. Винни-Пух,Винни-пух
97,1,16,50,97. Заповедники,Заповедники
98,1,16,23,98. Игра в числа,Игра в числа
99,1,16,55,99. Лабиринт,Лабиринт
100,1,16,68,100. Счастливые билеты,Счастливые билеты
101,1,16,60,101. Магараджа,Магараджа
102,1,16,32,102. Треугольник и точка,Треугольник и точка
103,1,16,35,103. Снова А+В,Снова A+B
104,1,32,65,104. Шаблон,Шаблон
105,1,16,76,105. Раскопки,Раскопки
106,1,16,8,106. Монетки,Монетки
107,1,16,52,107. Красивые номера,Красивые номера
108,1,16,1,108. Неглухой телефон,Неглухой телефон
109,1,16,43,109. A/B,A / B
110,1,16,78,110. Красивые числа,Красивые числа
111,"0,25",16,48,111. Игра «Пуговицы»,Игра «Пуговицы»
112,"0,5",16,58,112. Армия,Армия
113,2,64,46,113. Фермер,Фермер
114,1,16,37,114. Без двух нулей подряд,Без двух нулей подряд
115,1,16,42,115. Прямоугольник,Прямоугольник
116,1,64,60,116. Фермер - 2,Фермер - 2
117,1,16,57,117. Опасная зона,Опасная зона
118,1,16,29,118. Задача Иосифа Флавия,Задача Иосифа Флавия
119,1,16,23,119. Сортировка времени,Сортировка времени
120,1,16,32,120. Минимальный путь в таблице,Минимальный путь в таблице
121,1,16,34,121. Гвоздики,Гвоздики
122,1,16,38,122. Максимальная подпоследовательность,Максимальная подпоследовательность
123,1,16,54,123. Восстановление скобок,Восстановление скобок
124,1,16,25,124. Светофорчики,Светофорчики
125,1,16,26,125. Цветной дождь,Цветной дождь
126,1,16,28,126. Издевательство,Издевательство
127,1,16,40,127. Путь,Путь
128,1,16,41,128. Один конь,Один конь
129,"0,5",16,51,129. Табличка,Табличка
130,1,16,55,130. Два коня,Два коня
131,1,16,15,131. Перепись,Перепись
132,1,16,47,132. Алгоритм Дейкстры,Алгоритм Дейкстры
133,1,16,49,133. Заправки,Заправки
134,1,16,50,134. Автобусы,Автобусы
135,1,16,36,135. Алгоритм Флойда,Алгоритм Флойда
136,1,16,39,136. Алгоритм Флойда - 2,Алгоритм Флойда - 2
137,1,16,65,137. Существование пути,Существование пути
138,1,16,38,138. Алгоритм Форда-Беллмана,Алгоритм Форда-Беллмана
139,1,16,63,139. Лабиринт знаний,Лабиринт знаний
140,1,16,46,140. Цикл отрицательного веса,Цикл отрицательного веса
141,1,16,42,141. Дерево,Дерево
142,1,16,53,142. Минимальный каркас,Минимальный каркас
143,1,16,44,143. A-B,A-B
144,1,16,37,144. A*B,A*B
145,1,16,40,145. A div B,A div B
146,1,16,67,146. Длинный корень,Длинный корень
147,1,16,16,147. Числа Фибоначчи,Числа Фибоначчи
148,1,16,15,148. НОД,НОД
149,1,16,9,149. Разворот,Разворот
150,1,16,41,150. Друзья,Друзья
151,1,16,44,151. Банкет,Банкет
152,1,16,46,152. Построение,Построение
153,1,16,51,153. Монетки - 2,Монетки - 2
154,1,16,52,154. Сумма кубов,Сумма кубов
155,1,16,59,155. Конденсаторы,Конденсаторы
156,1,16,46,156. Шахматы - 2,Шахматы - 2
157,1,16,38,157. Карточки,Карточки
158,1,16,60,158. Великий комбинатор,Великий комбинатор
159,"0,5",16,25,159. Обратная перестановка,Обратная перестановка
160,1,16,46,160. Степень перестановки,Степень перестановки
161,1,16,44,161. Восстановление перестановки,Восстановление перестановки
162,1,16,56,162. Манхэттенский полицейский,Манхэттенский полицейский
163,1,16,20,163. Уравнение для 5 класса!,Уравнение для 5 класса!
164,1,16,26,164. Счастливый билет - 2,Счастливый билет - 2
165,1,16,32,165. Только вправо или вниз,Только вправо или вниз
166,"0,5",16,31,166. Сообщество роботов,Сообщество роботов
167,1,16,51,167. Количество треугольников,Количество треугольников
168,1,16,23,168. Натуральный ряд чисел,Натуральный ряд чисел
169,1,16,34,169. Магазин,Магазин
170,"0,5",16,35,170. Разложение числа,Разложение числа
171,1,16,50,171. Количество делителей,Количество делителей
172,1,16,39,172. Деление с остатком,Деление с остатком
173,1,16,29,173. Число-палиндром,Число - палиндром
174,1,16,32,174. Свадьба,Свадьба
175,1,16,37,175. Наручные часы,Наручные часы
176,1,16,69,176. Скобочки,Скобочки
177,1,16,58,177. Склад,Склад
178,2,64,35,178. Преобразование последовательности,Преобразование последовательности
179,1,16,47,179. Последовательность,Последовательность
180,1,16,46,180. Счастливая страница,Счастливая страница
181,1,16,42,181. Космический мусорщик,Космический мусорщик
182,1,16,27,182. Прямоугольник - 2,Прямоугольник - 2
183,1,64,39,183. Энты,Энты
184,1,16,35,184. Рабочее время,Рабочее время
185,1,16,32,185. Скачки,Скачки
186,1,16,44,186. Субботник,Субботник
187,1,16,53,187. Пчелка,Пчелка
188,1,16,65,188. День рождения,День рождения
189,"0,25",16,47,189. Перестановка по номеру,Перестановка по номеру
190,1,16,56,190. По размещению!,По размещению!
191,1,16,60,191. Гладкие числа,Гладкие числа
192,1,16,46,192. Следующая перестановка ...,Следующая перестановка ...
193,"0,5",16,34,193. Поиск прямоугольников,Поиск прямоугольников
194,1,16,55,194. Фотограф - зануда,Фотограф-зануда
195,1,16,3,195. Эния,Эния
196,1,16,38,196. Спираль,Спираль
197,1,16,40,197. Змейка,Змейка
198,1,16,57,198. Система линейных уравнений,Система линейных уравнений
199,1,16,50,199. Римские числа,Римские числа
200,1,16,60,200. Марсианские факториалы,Марсианские факториалы
201,1,16,53,201. Пакетная обработка процессов,Пакетная обработка процессов
202,"0,2",16,38,202. Поиск подстроки,Поиск подстроки
203,"0,5",16,31,203. Сдвиг текста,Сдвиг текста
204,1,16,53,204. Циклическая строка,Циклическая строка
205,1,16,31,205. Таймер,Таймер
206,1,16,50,206. Домой на электричках,Домой на электричках
207,1,16,28,207. Клад,Клад
208,1,16,25,208. Забавная игра,Забавная игра
209,1,16,64,209. Целые точки,Целые точки
210,1,16,59,210. Степень,Степень
211,1,16,45,211. Игра с фишками,Игра с фишками
212,1,16,79,212. Деревни,Деревни
213,1,16,27,213. Подсчет баллов,Подсчет баллов
214,1,16,58,214. Великая сеча,Великая сеча
215,1,16,55,215. Водостоки,Водостоки
216,1,16,41,216. Коллекционирование этикеток,Коллекционирование этикеток
217,2,16,47,217. Еловая аллея,Еловая аллея
218,1,16,45,218. Шашки,Шашки
219,1,16,75,219. Симпатичные таблицы,Симпатичные таблицы
220,"0,5",16,54,220. Мышка с колесиком,Мышка с колесиком
221,1,16,57,221. Левый лабиринт,Левый лабиринт
222,1,16,59,222. Дремучий лес,Дремучий лес
223,1,16,75,223. Анаграммер,Анаграммер
224,1,128,38,224. Наибольшее произведение,Наибольшее произведение
225,1,16,43,225. Покупка билетов,Покупка билетов
226,1,16,50,226. Перегоны,Перегоны
227,1,16,52,227. Сломанный калькулятор,Сломанный калькулятор
228,1,16,39,228. Валютные махинации,Валютные махинации
229,1,16,58,229. Двухтуровая олимпиада,Двухтуровая олимпиада
230,1,16,63,230. Луч света в темном царстве,Луч света в темном царстве
231,1,16,25,231. Распаковка строки,Распаковка строки
232,1,16,77,232. Дремучий лес - 2,Дремучий лес - 2
233,1,16,14,233. Автобусная экскурсия,Автобусная экскурсия
234,1,16,28,234. Сапер,Сапер
235,1,16,30,235. Робот К-79,Робот К-79
236,1,16,41,236. Многочлен,Многочлен
237,1,16,35,237. Головоломка,Головоломка
238,1,16,46,238. Побег с космической станции,Побег с космической станции
239,1,16,80,239. Узор,Узор
240,1,16,60,240. Кубическая гостиница,Кубическая гостиница
241,1,16,39,241. Праздники,Праздники
242,1,16,66,242. Раскраска плиток,Раскраска плиток
243,1,16,63,243. Маскарад,Маскарад
244,"0,5",16,37,244. Билетики,Билетики
245,"0,5",16,42,245. Сплоченная команда,Сплоченная команда
246,1,16,23,246. Вагоны,Вагоны
247,1,16,46,247. Кафе,Кафе
248,1,16,55,248. EuroEnglish,EuroEnglish
249,1,16,50,249. Скобки,Скобки
250,1,16,27,250. Двоякие числа,Двоякие числа
251,1,16,57,251. Калах,Калах
252,1,16,44,252. Сортировка масс,Сортировка масс
253,1,16,25,253. Часы с боем,Часы с боем
254,1,16,28,254. Выборы жрецов,Выборы жрецов
255,"0,5",16,40,255. Представление чисел,Представление чисел
256,1,16,38,256. Гексагон,Гексагон
257,1,16,56,257. Кубическое уравнение,Кубическое уравнение
258,1,16,42,258. Скорая помощь,Скорая помощь
259,1,16,59,259. A-функция от строчки,A-функция от строчки
260,1,16,53,260. Олимпиада по алхимии,Олимпиада по алхимии
261,1,16,71,261. Лотерея,Лотерея
262,1,16,52,262. Коммерческий калькулятор,Коммерческий калькулятор
263,1,16,16,263. Метро,Метро
264,1,16,17,264. Оттепель,Оттепель
265,1,16,26,265. Шахматная доска,Шахматная доска
266,1,16,39,266. Кассы,Кассы
267,"0,2",16,38,267. Ксерокопии,Ксерокопии
268,1,16,40,268. Почти палиндром,Почти палиндром
269,1,16,40,269. Тормозной механизм,Тормозной механизм
270,1,16,34,270. Java vs C++,Java vs C++
271,1,16,20,271. Число Фибоначчи - 2,Числа Фибоначчи - 2
272,1,32,26,272. Сумма максимума и минимума,Сумма максимума и минимума
273,1,16,28,273. Вычеркивание,Вычеркивание
274,1,16,25,274. Дружные числа,Дружные числа
275,1,16,42,275. Делимость на 7,Делимость на 7
276,1,16,21,276. Разбиение на части,Разбиение на части
277,1,16,27,277. Школьная алгебра,Школьная алгебра
278,2,16,28,278. Вычислительная биология,Вычислительная биология
279,1,16,37,279. Скобочки - 2,Скобочки - 2
280,1,16,51,280. Количество делителей - 2,Количество делителей - 2
281,1,16,39,281. Игра с монеткой,Игра с монеткой
282,1,16,32,282. Прямоугольники,Прямоугольники
283,1,16,25,283. Рунные слова,Рунные слова
284,1,16,15,284. Подмассив массива,Подмассив массива
285,1,16,24,285. Костер,Костер
286,1,16,43,286. Больше-меньше - 2,Больше-меньше - 2
287,1,16,26,287. Профессор,Профессор
288,1,16,42,288. Комментарии,Комментарии
289,1,16,76,289. Делители,Делители
290,1,16,32,290. База террористов,База террористов
291,1,16,31,291. Словарь,Словарь
292,1,16,31,292. Простой цифровой корень,Простой цифровой корень
293,1,16,20,293. Налоги,Налоги
294,1,16,17,294. Болты и гайки,Болты и гайки
295,1,16,29,295. Шифровка,Шифровка
296,1,16,22,296. Лиса Алиса и кот Базилио,Лиса Алиса и кот Базилио
297,1,16,16,297. Кругляши,Кругляши
298,1,16,28,298. Стрелок,Стрелок
299,1,16,56,299. Волейбол,Волейбол
300,1,16,48,300. Радар,Радар
301,1,16,36,301. Код,Код
302,1,16,55,302. Города,Города
303,1,16,27,303. Цифры,Цифры
304,1,16,68,304. Волейбол - 2,Волейбол - 2
305,1,16,48,305. Морской бой,Морской бой
306,1,16,45,306. Танец,Танец
307,1,16,50,307. Атлеты,Атлеты
308,1,16,53,308. Вода,Вода
309,3,16,25,309. К-удивительные числа,К-удивительные числа
310,1,16,33,310. Рамка из клеток,Рамка из клеток
311,1,16,45,311. Сумма факториалов,Сумма факториалов
312,1,16,15,312. Арифметическая прогрессия,Арифметическая прогрессия
313,2,128,30,313. Ежеминутные автобусы,Ежеминутные автобусы
314,1,16,31,314. Лексикографический порядок чисел,Лексикографический порядок чисел
315,1,16,26,315. Наименьшая система счисления,Наименьшая система счисления
316,1,16,29,316. Телеграфный перевод,Телеграфный перевод
317,"0,5",16,27,317. Подарки Деда Мороза,Подарки Деда Мороза
318,"0,5",16,36,318. Следующее число,Следующее число
319,1,16,42,319. Точки отрезка,Точки отрезка
320,1,16,38,320. Коридор,Коридор
321,1,16,27,321. Разные цифры,Разные цифры
322,1,16,20,322. Слово,Слово
323,1,16,30,323. Гипотеза Гольдбаха,Гипотеза Гольдбаха
324,1,16,10,324. Четырехзначный палиндром,Четырехзначный палиндром
325,1,16,31,325. Мы с конем вдвоем по полю пойдем,Мы с конем вдвоем по полю пойдем
326,1,16,29,326. Преобразование последовательности - 2,Преобразование последовательности - 2
327,1,16,16,327. В одном шаге от счастья,В одном шаге от счастья
328,1,16,25,328. Точки на костях «Домино»,Точки на костях Домино
329,1,16,37,329. Лесенка-2,Лесенка-2
330,1,16,30,330. Телепортация,Телепортация
331,1,16,15,331. Время прибытия,Время прибытия
332,1,16,40,332. Минимальная стоимость проезда,Минимальная стоимость проезда
333,1,16,28,333. Общие цифры,Общие цифры
334,1,16,41,334. Китайские часы,Китайские часы
335,1,16,40,335. Трипростые числа,Трипростые числа
336,1,16,20,336. Лифт,Лифт
337,2,16,94,337. Лампочки,Лампочки
338,1,16,40,338. Лоскутки,Лоскутки
339,1,16,31,339. Мероприятие,Мероприятие
340,1,16,19,340. Коробки,Коробки
341,1,16,35,341. Числовая последовательность,Числовая последовательность
342,1,16,68,342. Вписанная окружность,Вписанная окружность
343,1,16,35,343. Укладка плиток,Укладка плиток
344,1,32,38,344. Ближайшие точки,Ближайшие точки
345,1,16,46,345. Рекурсия,Рекурсия
346,1,16,46,346. Сумма двух чисел,Сумма двух чисел
347,1,16,33,347. Покер,Покер
348,1,16,49,348. Пересечение отрезков,Пересечение отрезков
349,"0,5",64,28,349. Простые числа,Простые числа
350,1,16,44,350. Перестановки,Перестановки
351,1,16,56,351. Прыжки по буквам,Прыжки по буквам
352,1,16,39,352. Дробь,Дробь
353,"0,5",16,41,353. Треугольники,Треугольники
354,1,16,27,354. Разложение на простые множители,Разложение на простые множители
355,1,16,46,355. Перестановки - 2,Перестановки - 2
356,1,16,49,356. Копилка,Копилка
357,1,16,22,357. Делимость на 11,Делимость на 11
358,1,16,42,358. Забор в парке,Забор в парке
359,1,16,38,359. Змейка - 2,Змейка - 2
360,3,16,33,360. Максимальная тройка,Максимальная тройка
361,1,16,32,361. Подстроки из одинаковых букв,Подстроки из одинаковых букв
362,1,16,50,362. Открытка и конверт,Открытка и конверт
363,1,16,46,363. Длинное произведение,Длинное произведение
364,1,16,51,364. Совершенные числа,Совершенные числа
365,2,16,54,365. Разложение на слагаемые,Разложение на слагаемые
366,"0,5",16,56,366. Выражение,Выражение
367,1,16,45,367. Степень - 2,Степень - 2
368,1,16,38,368. Маршрут,Маршрут
369,1,16,44,369. Гангстеры,Гангстеры
370,1,16,48,370. Площадь многоугольника,Площадь многоугольника
371,1,16,58,371. Дружественные числа,Дружественные числа
372,1,16,52,372. Скобки - 2,Скобки - 2
373,2,16,47,373. Маршрут - 2,Маршрут - 2
374,1,16,55,374. Выпуклая оболочка - 2,Выпуклая оболочка - 2
375,1,16,53,375. Системы счисления,Системы счисления
376,1,16,32,376. День рождения - 2,День рождения - 2
377,"0,5",16,48,377. Закраска прямой,Закраска прямой
378,1,16,47,378. Суммы,Суммы
379,1,16,54,379. Игра с датой,Игра с датой
380,1,16,50,380. Площадь прямоугольников,Площадь прямоугольников
381,1,16,43,381. Lines,Lines
382,1,16,46,382. Покраска лабиринта,Покраска лабиринта
383,1,16,26,383. Красивые числа - 2,Красивые числа - 2
384,1,16,52,384. Числа Фибоначчи - 3,Числа Фибоначчи - 3
385,1,16,28,385. Развлечения с измерителем,Развлечения с измерителем
386,1,16,37,386. Генерация тестов,Генерация тестов
387,1,16,20,387. Левая рекурсия,Левая рекурсия
388,1,64,28,388. Седловые точки,Седловые точки
389,1,16,50,389. К коду Грея,К коду Грея
390,1,16,41,390. Треугольная область,Треугольная область
391,1,16,35,391. Взлом хеш-функции,Взлом хеш-функции
392,1,32,24,392. Сдвиг перестановки,Сдвиг перестановки
393,1,16,48,393. Плейлист,Плейлист
394,1,16,26,394. Апельсины,Апельсины
395,1,16,28,395. Произведение цифр - 2,Произведение цифр - 2
396,2,16,62,396. Точки и отрезки,Точки и отрезки
397,1,16,52,397. Качество строки,Качество строки
398,1,16,30,398. Сумма - 2,Сумма - 2
399,2,16,30,399. Жук,Жук
400,1,16,37,400. Коробка,Коробка
401,2,16,52,401. Шары и коробки,Шары и коробки
402,3,16,75,402. Коттеджный поселок,Коттеджный поселок
403,1,16,70,403. Обмен валюты,Обмен валюты
404,2,16,63,404. Игра с камнями,Игра с камнями
405,5,32,80,405. Туристическое агентство,Туристическое агентство
406,1,16,48,406. Криптография,Криптография
407,1,16,44,407. Сдача,Сдача
408,1,16,31,408. Письмо,Письмо
409,1,16,26,409. Железная дорога,Железная дорога
410,1,16,75,410. Цифровое колдовство,Цифровое колдовство
411,1,16,28,411. Квадратное уравнение,Квадратное уравнение
412,1,16,32,412. Ферзь и король,Ферзь и король
413,1,16,32,413. Военная база,Военная база
414,"0,5",16,40,414. Расследование,Расследование
415,1,16,44,415. Подпись,Подпись
416,1,16,25,416. Шахматный конь,Шахматный конь
417,1,16,34,417. Даты,Даты
418,"0,5",16,39,418. Редактор,Редактор
419,"0,25",16,41,419. Палиндром,Палиндром
420,1,16,36,420. Химическая формула,Химическая формула
421,1,16,47,421. Треугольники – 2,Треугольники - 2
422,1,16,38,422. Упорядоченные дроби,Упорядоченные дроби
423,1,16,46,423. Сообщение,Сообщение
424,1,16,52,424. Игра умножения,Игра умножения
425,1,16,49,425. Прямая и квадраты,Прямая и квадраты
426,1,16,48,426. Lines - 2,Lines - 2
427,1,16,48,427. Несоставляемое число,Несоставляемое число
428,1,16,74,428. SMS,SMS
429,1,16,56,429. Дерево игры,Дерево игры
430,1,16,51,430. Дуга на сфере,Дуга на сфере
431,1,16,44,431. Путь коня,Путь коня
432,1,16,40,432. Грядки,Грядки
433,1,64,52,433. Школа танцев,Школа танцев
434,1,16,72,434. Стеклянный забор,Стеклянный забор
435,1,16,88,435. Несчастливые номера,Несчастливые номера
436,1,16,60,436. Счастливые цифры,Счастливые цифры
437,3,16,78,437. Тапкодер,Тапкодер
438,1,16,90,438. Сочи-2014,Сочи-2014
439,1,16,23,439. Закон Амдала,Закон Амдала
440,1,16,24,440. Биатлон,Биатлон
441,2,128,73,441. Карточки - 2,Карточки - 2
442,1,16,45,442. Шрифты,Шрифты
443,"0,5",16,37,443. Хеш-функция,Хеш-функция
444,1,16,35,444. Список,Список
445,1,16,56,445. Покупки,Покупки
446,1,16,20,446. Табло,Табло
447,1,16,39,447. Последняя цифра N!,Последняя цифра N!
448,1,16,54,448. Простые гири,Простые гири
449,1,16,41,449. Плавающие числа,Плавающие числа
450,1,16,51,450. Бутылки - 2,Бутылки - 2
451,1,16,71,451. Арифметическое выражение,Арифметическое выражение
452,1,16,51,452. Система счисления Фибоначчи,Система счисления Фибоначчи
453,1,16,49,"453. Раз-два, раз-два","Раз-два, раз-два"
454,1,16,45,454. Оставшееся число,Оставшееся число
455,1,16,64,455. Умножение дроби,Умножение дроби
456,"0,5",16,33,456. Сундук Билли Бонса,Сундук Билли Бонса
457,1,16,22,457. Постоянная Капрекара,Постоянная Капрекара
458,1,16,35,458. Шифровка - 2,Шифровка - 2
459,1,32,49,459. Нить Ариадны,Нить Ариадны
460,1,16,57,460. Пятерки,Пятерки
461,1,16,26,461. Выборы,Выборы
462,1,16,36,462. Числа,Числа
463,1,16,44,463. Остаток,Остаток
464,1,16,35,464. Число в последовательности,Число в последовательности
465,1,16,47,465. Последовательности из 0 и 1,Последовательности из 0 и 1
466,1,16,42,466. Функция,Функция
467,1,16,61,467. Закраска прямой - 2,Закраска прямой - 2
468,1,16,66,468. Числовая последовательность - 2,Числовая последовательность - 2
469,1,16,50,469. Химическая тревога,Химическая тревога
470,5,16,41,470. Земельный комитет,Земельный комитет
471,1,16,53,471. Ход конем,Ход конем
472,1,16,39,472. Подарки,Подарки
473,1,16,48,473. Автомобильные пробки,Автомобильные пробки
474,1,16,57,474. Последовательность Кеане,Последовательность Кеане
475,1,16,38,475. Арифметическая прогрессия - 2,Арифметическая прогрессия - 2
476,1,16,43,476. Ферзя в угол!,Ферзя в угол!
477,1,16,50,477. Простая игра,Простая игра
478,1,16,55,478. Коррозия металла,Коррозия металла
479,1,16,63,479. Муравей и дерево,Муравей и дерево
480,1,16,47,480. Игра с монетами,Игра с монетами
481,1,16,49,481. Количество палиндромов,Количество палиндромов
482,1,16,23,482. Короткая последовательность,Короткая последовательность
483,1,16,53,483. Двоичная машина,Двоичная машина
484,1,16,60,484. Трубопровод,Трубопровод
485,1,16,29,485. Рыбаки,Рыбаки
486,1,16,53,486. Рыбаки - 2,Рыбаки - 2
487,1,16,49,487. Игра «Баше»,"Игра ""Баше"""
488,1,16,58,488. Праздничный торт,Праздничный торт
489,1,16,40,489. Монеты,Монеты
490,1,16,27,490. Дни рождения,Дни рождения
491,1,16,28,491. Антипалиндром,Антипалиндром
492,1,16,37,492. Сближение с целью,Сближение с целью
493,1,16,21,493. Морской бой - 2,Морской бой - 2
494,1,16,58,494. Отрезок и окружности,Отрезок и окружности
495,1,16,35,495. Двойственная ломаная,Двойственная ломаная
496,1,16,17,496. Сбор черники,Сбор черники
497,1,16,52,497. Индикатор,Индикатор
498,1,16,44,498. K-перестановки,K-перестановки
499,1,16,22,499. Турист,Турист
500,1,16,34,500. Агент,Агент
501,1,16,25,501. Строение,Строение
502,1,16,39,502. Лягушонок,Лягушонок
503,3,32,80,503. Бюро путешествий,Бюро путешествий
504,1,16,12,504. Цветочки,Цветочки
505,2,16,46,505. Забор,Забор
506,1,16,55,506. Игра - 3,Игра - 3
507,1,16,54,507. Адронный коллайдер,Адронный коллайдер
508,1,16,36,508. Клеверный лист,Клеверный лист
509,1,16,58,509. Игра Jammed,Игра Jammed
510,1,16,40,510. Шоколадка,Шоколадка
511,1,16,20,511. Очередь,Очередь
512,1,16,75,512. Выпускной,Выпускной
513,1,16,26,513. Салаты,Салаты
514,1,16,14,514. Лестница,Лестница
515,1,16,24,515. Ловушки,Ловушки
516,1,16,28,516. 2-простое число,2-простое число
517,1,16,29,517. Боулинг,Боулинг
518,1,16,38,518. Количество путей в лабиринте,Количество путей в лабиринте
519,1,16,23,519. Наименьшее и наибольшее числа из тех же цифр,Наименьшее и наибольшее числа из тех же цифр
520,1,16,27,520. Оптовая покупка,Оптовая покупка
521,1,16,25,521. Пасьянс старухи Шапокляк,Пасьянс старухи Шапокляк
522,"0,5",16,25,522. Похожие массивы,Похожие массивы
523,1,16,41,523. Роман в томах,Роман в томах
524,1,16,34,524. Слон,Слон
525,1,16,43,525. Суммы степеней двойки,Сумма степеней двойки
526,1,16,35,526. Уравнение по основанию,Уравнение по основанию
527,1,16,40,527. Алгоритм Евклида,Алгоритм Евклида
528,1,16,29,528. Замок,Замок
529,1,16,12,529. Длина отрезка,Длина отрезка
530,1,16,26,530. Черно-белая графика,Черно-белая графика
531,1,16,36,531. Газон,Газон
532,3,16,74,532. Трамвай,Трамвай
533,2,16,66,533. Треугольники – 3,Треугольники - 3
534,1,16,25,534. Клавиатура – 2,Клавиатура - 2
535,1,16,41,535. Неправильное сложение,Неправильное сложение
536,1,16,45,536. Числа – 2,Числа - 2
537,1,16,74,537. Перестановки – 3,Перестановки - 3
538,1,16,62,538. Радио,Радио
539,1,16,6,539. Торт,Торт
540,1,16,45,540. Таблица,Таблица
541,1,16,47,541. Две строки,Две строки
542,1,16,25,542. Бит-реверс,Бит-реверс
543,1,16,26,543. Монеты - 2,Монеты - 2
544,1,16,42,544. Мячик на лесенке,Мячик на лестнице
545,1,16,48,545. Задача Пифагора,Задача Пифагора
546,1,16,29,546. Печать буклета,Печать буклета
547,1,16,35,547. Период дроби,Период дроби
548,1,16,35,548. Минимальное число,Минимальное число
549,1,16,58,549. Факториальная система для рациональных дробей,Факториальная система
550,1,16,13,550. День программиста,День программиста
551,1,16,29,551. Заяц и дерево,Заяц и дерево
552,"0,2",16,45,552. Зоопарк,Зоопарк
553,1,16,46,553. Объединение блоков,Объединение блоков
554,1,16,20,554. Пицца,Пицца
555,1,64,76,555. Вычисление сложности программы,Вычисление сложности программы
556,1,16,37,556. Есть ли жизнь на Марсе?,Есть ли жизнь на Марсе?
557,2,16,42,557. Матрицы,Матрицы
558,1,16,65,558. Упаковка,Упаковка
559,1,16,48,559. Сосиска в тесте,Сосиска в тесте
560,1,16,64,560. Остановки,Остановки
561,2,16,95,561. Башни,Башни
562,1,16,47,562. Слабая K-связность,Слабая K-связность
563,1,16,69,563. Задача про XOR,Задача про XOR
564,1,16,29,564. Забор - 2,Забор - 2
565,1,16,59,565. Сушка,Сушка
566,1,16,61,566. Халява,Халява
567,1,16,83,567. Упаковка подарка,Упаковка подарка
568,1,32,53,568. Дороги - 2,Дороги - 2
569,1,16,43,569. Зарплата - 2,Зарплата - 2
570,1,16,43,570. Квадрат,Квадрат
571,5,64,86,571. Треугольники - 4,Треугольники - 4
572,1,16,60,572. Технология программирования,Технология программирования
573,1,16,77,573. НЛО,НЛО
574,1,16,26,574. Анаграммы,Анаграммы
575,1,16,41,575. Строительство,Строительство
576,1,16,20,576. Гадание - 2,Гадание - 2
577,1,16,20,577. Таблица умножения,Таблица умножения
578,1,16,37,578. Система счисления,Система счисления
579,1,16,25,579. Модуль суммы,Модуль суммы
580,1,16,34,580. Поднос,Поднос
581,1,16,36,581. Атака летающих тарелок,Атака летающих тарелок
582,1,16,47,582. Кубик,Кубик
583,1,16,65,583. Рисование,Рисование
584,1,16,59,584. Спираль - 2,Спираль - 2
585,1,16,72,585. Египетские знаки,Египетские знаки
586,1,16,62,586. Законопроект,Законопроект
587,1,16,70,587. Экспедиция на Морс,Экспедиция на Морс
588,1,16,39,588. Число,Число
589,1,16,84,589. Физика,Физика
590,1,16,42,590. Зазеркалье,Зазеркалье
591,1,32,70,591. Транспортная реформа,Транспортная реформа
592,1,16,77,592. Небоскреб,Небоскреб
593,1,16,53,593. Башни - 2,Башни - 2
594,2,32,45,594. Треугольник – 2,Треугольник - 2
595,"0,5",16,48,595. Слова,Слова
596,1,16,35,596. Сотовая связь в большом городе,Сотовая связь в большом городе
597,1,16,10,597. Внеземные гости,Внеземные гости
598,1,16,51,598. Друзья - 2,Друзья - 2
599,2,16,66,599. Телешоу,Телешоу
600,1,16,28,600. Распознавание языка,Распознавание языка
601,1,16,38,601. Цветной лабиринт,Цветной лабиринт
602,"0,5",16,32,602. Точки на прямой,Точки на прямой
603,1,16,48,603. Поиск,Поиск
604,1,16,78,604. Кактусы,Кактусы
605,1,16,38,605. Дартс,Дартс
606,1,16,12,606. Треугольник - 3,Треугольник - 3
607,1,16,72,607. Домино в казино,Домино в казино
608,1,16,70,608. Про любовь,Про любовь
609,2,16,69,609. Разбиения множества,Разбиения множества
610,1,16,82,610. Прокладка труб,Прокладка труб
611,1,16,50,611. Словарные квадраты,Словарные квадраты
612,1,32,68,612. Подстрока,Подстрока
613,1,32,76,613. Поле чудес - 2,Поле чудес - 2
614,1,32,61,614. Скобки - 3,Скобки - 3
615,1,16,71,615. Новый год,Новый год
616,1,16,54,616. Отношения,Отношения
617,2,16,80,617. Ладьи,Ладьи
618,1,16,74,618. Диаграммы Юнга,Диаграммы Юнга
619,1,16,42,619. Бросание кубика,Бросание кубика
620,1,16,67,620. Бассейн реки,Бассейн реки
621,"0,5",16,52,621. Ближайшее число,Ближайшее число
622,1,16,66,622. Прямоугольное деление,Прямоугольное деление
623,2,16,23,623. Снова Фибоначчи,Снова Фибоначчи
624,2,32,62,624. Электронная почта,Электронная почта
625,1,16,50,625. SMS - 2,SMS - 2
626,1,16,52,626. Преобразователь строк,Преобразователь строк
627,1,16,48,627. Игра в слова,Игра в слова
628,3,16,46,628. Clear World and Brothers,Clear World and Brothers
629,1,16,55,629. Сочетания,Сочетания
630,1,16,42,630. Охрана,Охрана
631,1,16,60,631. Отгадай число,Отгадай число
632,1,16,68,632. Отрезки,Отрезки
633,1,16,20,633. ACM World Finals,ACM World Finals
634,1,16,52,634. Кубок CBOSS,Кубок CBOSS
635,1,16,33,635. Интернет-олимпиады,Интернет-олимпиады
636,2,16,56,636. Java Challenge,Java Challenge
637,1,16,17,637. NEERC,NEERC
638,1,16,37,638. Всероссийская олимпиада по информатике,Всероссийская олимпиада по информатике
639,1,16,25,639. TopCoder,TopCoder
640,1,16,50,640. Test-The-Best,Test-The-Best
641,1,16,25,641. Странная лотерея,Странная лотерея
642,1,16,20,642. Кризисный бизнес,Кризисный бизнес
643,1,16,20,643. Временной ключ,Временной ключ
644,1,16,60,644. Временной ключ - 2,Временной ключ-2
645,1,16,25,645. Красивая стена,Красивая стена
646,1,16,60,646. Сладкие забавы,Сладкие забавы
647,2,16,65,647. Адаптивный поиск,Адаптивный поиск
648,1,16,25,648. Азартный Шрэк,Азартный Шрэк
649,2,16,50,649. Защищенный пароль,Защищенный пароль
650,1,32,65,650. Странная сеть,Странная сеть
651,1,16,29,651. Преобразование моноклеточных,Преобразование моноклеточных
652,2,16,70,652. Квантовый имитатор,Квантовый имитатор
653,1,16,50,653. Аттракцион,Аттракцион
654,1,32,36,654. Концертный зал,Концертный зал
655,1,16,60,655. Кодирование данных,Кодирование данных
656,1,16,75,656. Дорожный аукцион,Дорожный аукцион
657,1,16,60,657. Hello Space!,Hello space!
658,1,16,65,658. Фермерское счастье,Фермерское счастье
659,3,16,62,659. Перетягивание каната,Перетягивание каната
660,3,16,60,660. Контрольная работа,Контрольная работа
661,1,16,55,661. «Стабильный» Интернет,«Стабильный» интернет
662,1,16,75,662. Green Darts,Green Darts
663,1,16,72,663. Предприимчивый Петя,Предприимчивый Петя
664,1,16,30,664. Котлеты,Котлеты
665,1,16,24,665. Палиндромное время,Палиндромное время
666,1,16,41,666. Абракадабра,Абракадабра
667,1,16,28,667. Автобусы - 2,Автобусы - 2
668,1,16,34,668. Змей Горыныч,Змей Горыныч
669,1,16,39,669. Произведение цифр - 3,Произведение цифр - 3
670,1,16,25,670. Числа без одинаковых цифр,Числа без одинаковых цифр
671,1,16,42,671. Счастливые числа,Счастливые числа
672,1,16,32,672. N-значные числа,N-значные числа
673,1,16,52,673. N-значные числа - 2,N-значные числа - 2
674,1,16,37,674. Выбор приборов,Выбор приборов
675,1,16,20,675. Детали,Детали
676,1,16,28,676. Игра со спичками,Игра со спичками
677,1,16,29,677. Количество участников олимпиады,Количество участников олимпиады
678,1,16,15,678. Напёрстки,Напёрстки
679,1,16,40,679. Просто простые числа,Просто простые числа
680,1,16,28,680. Садовник-художник,Садовник-художник
681,1,16,43,681. Спички,Спички
682,1,16,30,682. Сумма n-значных чисел,Сумма n-значных чисел
683,1,16,48,683. Числа - 3,Числа - 3
684,1,16,27,684. Шашки,Шашки - 2
685,1,16,10,685. Золотой песок,Золотой песок
686,"0,4",16,28,686. Колокол,Колокол
687,1,16,41,687. Однонаправленная задача коммивояжёра,Однонаправленная задача коммивояжёра
688,1,16,19,688. Суслик и собака,Суслик и собака
689,1,16,26,689. Упрощение номеров,Упрощение номеров
690,1,16,71,690. Конная прогулка,Конная прогулка
691,1,16,16,691. Номера автобусов,Номера автобусов
692,1,16,8,692. Бинарные числа,Бинарные числа
693,1,16,24,693. Перестановка,Перестановка
694,1,16,21,694. Лентяй,Лентяй
695,1,16,42,695. Мифические шахматы,Мифические шахматы
696,1,16,50,696. Сон,Сон
697,1,16,11,697. Ремонт,Ремонт
698,1,16,36,698. Игра в дурака,Игра в дурака
699,1,16,30,699. Грибной дождь,Грибной дождь
700,1,16,23,700. Мёд,Мёд
701,1,16,25,701. Премия,Премия
702,1,16,45,702. Прямоугольники – 2,Прямоугольники - 2
703,1,16,54,703. ACM-шахматы,ACM-шахматы
704,1,16,40,704. Деление,Деление
705,1,16,65,705. Оценка,Оценка
706,1,16,20,706. Пушка,Пушка
707,3,64,60,707. Zuma,Zuma
708,1,16,48,708. Хомяки и кролики,Хомяки и кролики
709,1,16,52,709. Булева алгебра,Булева алгебра
710,1,16,57,710. Булева алгеба - 2,Булева алгебра - 2
711,1,16,18,711. Соревнование картингистов,Соревнование картингистов
712,1,16,28,712. Дипломы,Дипломы
713,1,16,45,713. Булева функция,Булева функция
714,1,16,65,714. Кольцевая автодорога,Кольцевая автодорога
715,1,16,17,715. Миша и негатив,Миша и негатив
716,1,16,30,716. Треугольник Максима,Треугольник Максима
717,2,64,48,717. Производство деталей,Производство деталей
718,1,64,71,718. Новое слово в рекламе,Новое слово в рекламе
719,1,16,43,719. Фотограф-псих,Фотограф-псих
720,1,16,32,720. Клетки в кругу,Клетки в кругу
721,1,16,68,721. Стрелки - 2,Стрелки - 2
722,1,16,60,722. Шоколадки,Шоколадки
723,1,16,70,723. Доставка грибов,Доставка грибов
724,1,16,50,724. Убить Вову,Убить Вову
725,1,16,72,725. Громоотвод,Громоотвод
726,1,16,55,726. Остатки,Остатки
727,1,16,62,727. Распределение участков,Распределение участков
728,1,16,43,728. Закупка носков,Закупка носков
729,1,16,36,729. Эксперимент,Эксперимент
730,1,16,49,730. Пересылка файлов,Пересылка файлов
731,1,16,33,731. Проценты,Проценты
732,"0,2",16,39,732. Треугольная комната,Треугольная комната
733,1,16,32,733. Последовательность - 2,Последовательность - 2
734,1,16,61,734. Строковый компьютер,Строковый компьютер
735,1,16,53,735. Циклическое k-расширение,Циклическое k-расширение
736,1,64,45,736. Удаление,Удаление
737,2,32,56,737. ДНК,ДНК
738,1,16,74,738. Слова - 2,Слова - 2
739,1,16,47,739. Дана строка,Дана строка
740,5,32,61,740. Ключи,Ключи
741,1,16,62,741. Замечательные дороги,Замечательные дороги
742,1,16,33,742. Постройка дорог,Постройка дорог
743,1,16,42,743. Алхимия,Алхимия
744,1,16,46,744. Скобочки-3,Скобочки-3
745,1,16,53,745. Карта,Карта
746,2,16,64,746. Гонки,Гонки
747,3,16,65,747. Декомпозиция строки,Декомпозиция строки
748,3,16,79,748. Собери сам,Собери сам
749,3,16,64,749. Неправильный RSA,Неправильный RSA
750,5,16,81,750. Игра на графе,Игра на графе
751,1,16,31,"751. Money, Money, Money","Money, money, money"
752,3,16,61,752. 2-3 Дерево,2-3 Дерево
753,3,64,52,753. Различные слова,Различные слова
754,1,16,7,754. Три толстяка,Три толстяка
755,1,16,6,755. Сбор земляники,Сбор земляники
756,1,16,10,756. Рыболовная сеть,Рыболовная сеть
757,1,16,10,757. Спирт,Спирт
758,1,16,58,758. Веревочный мост,Веревочный мост
759,1,16,22,759. Али-Баба,Али-Баба
760,1,16,24,760. Транспорт,Транспорт
761,1,16,65,761. Ковбои,Ковбои
762,1,16,28,762. Взвешивание,Взвешивание
763,1,16,19,763. Игра с ладьей,Игра с ладьей
764,1,16,27,764. Охотник,Охотник
765,1,16,50,765. Го,Го
766,1,16,3,766. Орешки,Орешки
767,1,16,67,767. Дороги - 3,Дороги - 3
768,1,16,35,768. Звездные прямоугольники,Звездные прямоугольники
769,1,16,31,769. Список предметов,Список предметов
770,1,16,48,770. Покорение вселенной,Покорение вселенной
771,1,16,74,771. Экзамен,Экзамен
772,1,16,75,772. Конверт,Конверт
773,1,16,4,773. Гулливер,Гулливер
774,1,16,59,774. Шляпа,Шляпа
775,1,16,23,775. Проблема Коллатца,Проблема Коллатца
776,1,64,62,776. Юпитер,Юпитер
777,1,16,12,777. Будильник,Будильник
778,1,16,18,778. Офис,Офис
779,1,16,30,779. Строительство школы,Строительство школы
780,1,16,22,780. Футбол,Футбол
781,1,16,42,781. Две цифры,Две цифры
782,1,16,29,782. Турнир,Турнир
783,1,16,50,783. Укладка плитки,Укладка плитки
784,1,16,32,784. Эволюция,Эволюция
785,2,16,26,785. Автоморфные числа,Автоморфные числа
786,1,16,32,786. Игра с камешками,Игра с камешками
787,1,16,31,787. Игра с пешкой,Игра с пешкой
788,1,16,48,788. Интересная игра с числами,Интересная игра c числами
789,1,16,37,789. Последовательность - 3,Последовательность - 3
790,1,16,28,790. Развлечения гномов,Развлечения гномов
791,1,16,15,791. Соседние клетки,Соседние клетки
792,1,16,21,792. Торговые сделки в Амбере,Торговые сделки в Амбере
793,1,16,30,793. Числа Смита,Числа Смита
794,1,16,20,794. Ролевая игра,Ролевая игра
795,1,16,37,795. Колесо Фортуны,Колесо Фортуны
796,1,16,51,796. Форматирование текста,Форматирование текста
797,2,64,82,797. Космические исследования,Космические исследования
798,1,16,18,798. Шахматная доска - 2,Шахматная доска - 2
799,1,16,32,799. Чемпионат по стрельбе,Чемпионат по стрельбе
800,2,16,55,800. Делители,Делители - 2
801,2,16,78,801. Дом у дороги,Дом у дороги
802,1,16,70,802. Магический квадрат,Магический квадрат
803,1,16,26,803. Цифры после запятой,Цифры после запятой
804,2,32,48,804. Лабиринт с тигром,Лабиринт с тигром
805,1,16,36,805. Атака инопланетян,Атака инопланетян
806,1,64,46,806. Белоснежка и n гномов,Белоснежка и n гномов
807,1,16,83,807. Игра с графом,Игра с графом
808,1,16,70,808. Про любовь ...,Про любовь ...
809,1,32,65,809. Спички детям не игрушка!,Спички детям не игрушка!
810,1,16,58,810. Число - 2,Число - 2
811,1,16,30,811. Шахматная мастерская,Шахматная мастерская
812,1,16,69,812. Сжатие последовательности,Сжатие последовательности
813,1,16,62,813. Игра в 24,Игра в 24
814,1,16,32,814. Гипотеза Гольдбаха - 2,Гипотеза Гольдбаха - 2
815,2,16,65,815. Обходчик лабиринтов,Обходчик лабиринтов
816,1,16,35,816. Система пересекающихся множеств,Система пересекающихся множеств
817,1,16,17,817. Манхеттенские улицы,Манхэттенские улицы
818,1,16,14,818. Кипячение чая,Кипячение чая
819,1,16,10,819. Прямоугольный параллелепипед,Прямоугольный параллелепипед
820,1,16,54,820. Игра «Flip-Flop»,Игра «Flip-Flop»
821,1,16,35,821. Пятнашки,Пятнашки
822,1,16,15,822. Площадь треугольника,Площадь треугольника
823,1,16,45,823. Мусорщик,Мусорщик
824,1,16,84,824. Транспортная компания,Транспортная компания
825,1,16,69,825. Китайская игра «Цзяньшидзы»,Китайская игра «Цзяньшидзы»
826,2,128,53,826. Жизнь цвета индиго,Жизнь цвета индиго
827,1,32,66,827. Фруктовый сок,Фруктовый сок
828,2,64,56,828. Красивые последовательности,Красивые последовательности
829,2,128,60,829. Строки - 3,Строки - 3
830,1,16,81,830. Странная таблица,Странная таблица
831,1,16,27,831. Снова про простые числа,Снова про простые числа
832,1,16,48,832. Игра в фишки,Игра в фишки
833,1,16,36,833. Преобразование ДНК,Преобразование ДНК
834,1,16,25,834. Поместье,Поместье
835,1,16,51,835. Задача о рюкзаке,Задача о рюкзаке
836,2,32,26,836. Четно-нечетная задача,Четно-нечетная задача
837,1,16,33,837. Точки и линии,Точки и линии
838,1,16,30,838. Шаблон программы,Шаблон программы
839,1,16,14,839. Всем известно,Всем известно
840,2,16,37,840. Шары,Шары
841,1,16,25,841. Окружности,Окружности
842,1,16,30,842. Деление - 2,Деление-2
843,1,16,20,843. Экзамены,Экзамены
844,1,16,16,844. Поля,Поля
845,1,16,35,845. Гиганты,Гиганты
846,1,16,48,846. Герои,Герои
847,1,16,28,847. Анаграмма - 2,Анаграмма-2
848,1,16,51,848. Заклинание Ауэрса,Заклинание Ауэрса
849,2,16,54,849. Задача про ферзей,Задача про ферзей
850,1,16,15,850. Цапли,Цапли
851,1,16,29,851. Круглый стол,Круглый стол
852,2,16,54,852. Поврежденный XML,Поврежденный XML
853,2,16,77,853. Игра с числами,Игра с числами
854,1,16,12,854. Кондиционер,Кондиционер
855,1,16,47,855. Праздничный ужин,Праздничный ужин
856,2,16,53,856. Космический кегельбан,Космический кегельбан
857,5,64,59,857. Abracadabra,Abracadabra
858,1,16,41,858. Площадь треугольника,Площадь треугольника - 2
859,1,16,50,859. Сумма от 1 до N,Сумма от 1 до N
860,1,16,68,860. Паркет,Паркет
861,2,16,88,861. Осколки,Осколки
862,1,16,51,862. Домашняя работа,Домашняя работа
863,1,16,52,863. Антиарифметическая перестановка,Антиарифметическая перестановка
864,1,16,68,864. Шары и коробки - 2,Шары и коробки - 2
865,1,16,56,865. Проверка орфографии,Проверка орфографии
866,1,16,82,866. Берляндия в опасности,Берляндия в опасности
867,1,16,45,867. Экзамен - 2,Экзамен - 2
868,1,16,38,868. Матрица: правый нижний элемент,Матрица: правый нижний элемент
869,"0,25",16,35,869. Байдарочный поход,Байдарочный поход
870,1,16,55,870. URL Validator,URL Validator
871,3,32,35,871. Автогонки,Автогонки
872,2,16,37,872. Цепочка слов,Цепочка слов
873,1,16,54,873. Шифр «Решетка»,Шифр «Решетка»
874,1,16,50,874. Гирлянда,Гирлянда
875,1,16,29,875. Игра «Жизнь»,Игра «Жизнь»
876,1,16,27,876. Оптимизация на окружности,Оптимизация на окружности
877,1,16,31,877. Диалоги по UCM,Диалоги по UCM
878,1,16,25,878. Алфавит,Алфавит
879,2,16,70,879. Графы,Графы
880,2,32,74,880. Покрытие,Покрытие
881,1,16,42,881. Фатализм,Фатализм
882,1,16,56,882. Губернатор,Губернатор
883,1,16,35,883. Самое экстравагантное дупло,Самое экстравагантное дупло
884,3,16,85,884. Дорога,Дорога
885,1,16,65,885. Звезды за кормой,Звезды за кормой
886,1,16,45,886. Суффиксы,Суффиксы
887,1,16,47,887. Доказательство теоремы,Доказательство теоремы
888,1,16,22,888. Карусель,Карусель
889,1,64,38,889. Паутина,Паутина
890,1,16,41,890. Охрана,Охрана - 2
891,3,16,67,891. Кубик Рубика,Кубик Рубика
892,1,16,10,892. Время года,Время года
893,1,16,21,893. Хоккей,Хоккей
894,1,16,16,894. Кольцо,Кольцо
895,1,16,19,895. Крестики-нолики,Крестики-нолики
896,1,16,32,896. Торт - 2,Торт - 2
897,1,16,31,897. Степенные числа,Степенные числа
898,1,16,60,898. Ленточка,Ленточка
899,1,16,42,899. Баланс скобок,Баланс скобок
900,1,16,23,900. Три грибника,Три грибника
901,1,16,67,901. Бессмыслица,Бессмыслица
902,1,16,65,902. Ленточка - 2,Ленточка - 2
903,1,16,2,903. Бисер,Бисер
904,1,16,56,904. Crimsonland,Crimsonland
905,1,16,31,905. Криптограмма,Криптограмма
906,1,16,38,906. Функция - 2,Функция - 2
907,1,16,9,907. Мышка,Мышка
908,2,64,35,908. Число - 3,Число - 3
909,2,32,50,909. Морской бой - 3,Морской бой - 3
910,1,16,28,910. Последовательность - 4,Последовательность - 4
911,1,16,40,911. Взвешивания,Взвешивания
912,1,16,24,912. Одежда,Одежда
913,1,16,39,913. Автобус,Автобус
914,1,16,79,914. Пересечение,Пересечение
915,1,16,54,915. Кубик - 2,Кубик - 2
916,1,16,28,916. Экономия,Экономия
917,1,16,72,917. Забор - 3,Забор - 3
918,1,16,58,918. График,График
919,1,16,65,919. Отель,Отель
920,2,16,62,920. Игуана,Игуана
921,1,16,60,921. Турнир – 2,Турнир - 2
922,1,16,27,922. Незнайка,Незнайка
923,1,16,44,923. Легион,Легион
924,1,16,20,924. Симпатичный узор,Симпатичный узор
925,1,16,24,925. Кастинг,Кастинг
926,1,16,23,926. Города - 2,Города - 2
927,2,16,47,927. A + B = C,A + B = C
928,10,128,70,928. Березовая аллея,Березовая аллея
929,1,16,15,929. Игральные кубики,Игральные кубики
930,1,16,38,930. Имена,Имена
931,2,16,72,931. Две окружности - 2,Две окружности - 2
932,5,256,92,932. Столицы,Столицы
933,1,16,12,933. Телефон,Телефон
934,2,16,57,934. Балда,Балда
935,1,16,16,935. Шахматное поле,Шахматное поле
936,1,16,41,936. Алтайский технический университет,Алтайский технический университет
937,1,16,72,937. Макрос,Макрос
938,1,16,28,938. Простые числа - 2,Простые числа - 2
939,1,16,59,939. Золотоискатели,Золотоискатели
940,1,16,13,940. Орфография,Орфография
941,1,16,29,941. Unix,Unix
942,1,16,2,942. Олимпиада,Олимпиада
943,1,16,16,943. Змейка – 3,Змейка - 3
944,1,16,41,944. Размен,Размен
945,2,64,45,945. Баллы,Баллы
946,1,16,31,946. Полка,Полка
947,1,16,22,947. Карточки - 3,Карточки - 3
948,1,16,13,948. Строки в книге,Строки в книге
949,1,16,17,949. Фибоначчиева последовательность,Фибоначчиева последовательность
950,1,16,19,950. Сжатие бинарных последовательностей,Сжатие бинарных последовательностей
951,2,16,30,951. Вирусы,Вирусы
952,1,16,18,952. В автобусе,В автобусе
953,1,16,46,953. Дроби,Дроби
954,1,16,40,954. Стаканы,Стаканы
955,1,16,40,955. Вирусы - 2,Вирусы - 2
956,2,16,57,956. Юный гитарист,Юный гитарист
957,1,16,51,957. Доказательство в HOL,Доказательство в HOL
958,1,16,62,958. Осмотр королевства,Осмотр королевства
959,3,16,70,959. Защита деревьев,Защита деревьев
960,1,16,44,960. Три буквы,Три буквы
961,1,16,28,"961. Все, что движется","Все, что движется"
962,3,64,75,962. Развлечение с квадратиками,Развлечение с квадратиками
963,2,16,63,963. Морфизм,Морфизм
964,5,16,51,964. Ничего и не терялось,Ничего не потерялось
965,1,16,47,965. Мафия в городе,Мафия в городе
966,1,16,29,966. Трубы,Трубы
967,1,16,25,967. Несложная сортировка,Несложная сортировка
968,1,16,48,968. Строки - 4,Строки - 4
969,1,16,30,969. Сверхстепень,Сверхстепень
970,1,16,9,970. От перестановки чисел что-то меняется ...,От перестановки что-то меняется ...
971,1,16,28,971. Треугольник - 4,Треугольник - 4
972,2,16,66,972. Задачка по геометрии,Задачка по геометрии
973,5,32,82,973. Главные дороги,Главные дороги
974,1,16,65,974. Странный ним,Странный ним
975,1,16,71,975. Числа - 4,Числа - 4
976,1,16,74,976. Сумма или произведение,Сумма или произведение
977,1,16,70,977. Поезда,Поезда
978,1,16,79,978. Последовательность - 5,Последовательность - 5
979,2,32,57,979. Формула 001,Формула 001
980,5,64,80,980. Отрезание ушей,Отрезание ушей
981,1,16,90,981. Медиана,Медиана
982,1,16,54,982. Шашки - 3,Шашки - 3
983,2,16,33,983. Бег по эскалатору,Бег по эскалатору
984,2,32,36,984. Финал ACM ICPC,Финал ACM ICPC
985,2,16,47,985. Объявление массивов,Объявление массивов
986,2,16,24,986. Прыгучее путешествие,Прыгучее путешествие
987,1,16,32,987. Обмен пакетами,Обмен пакетами
988,1,16,42,988. Последовательность чисел,Последовательность чисел
989,1,16,64,989. Окопы,Окопы
990,2,16,76,990. Пирожные,Пирожные
991,2,16,50,991. ePig,ePig
992,2,16,52,992. Неприводимые диаграммы Юнга,Неприводимые диаграммы Юнга
993,1,16,61,993. Симпатичные последовательности,Симпатичные последовательности
994,2,64,48,994. Длиннейшая общая подпара,Длиннейшая общая подпара
995,3,16,59,995. Голова на плечах,Голова на плечах
996,1,16,26,996. Забавная последовательность,Забавная последовательность
997,1,16,39,997. Проверка орфографии - 2,Проверка орфографии - 2
998,1,16,72,998. Велосипедные дорожки,Велосипедные дорожки
999,5,16,70,999. Диверсия,Диверсия
1000,1,16,65,1000. Упаковка чисел,Упаковка чисел
1001,2,16,80,1001. Восстановление перестановки,Восстановление перестановки
1002,3,32,68,1002. Прямоугольный многоугольник,Прямоугольный многоугольник
1003,1,16,3,1003. Магазин канцелярских товаров,Магазин канцелярских товаров
1004,1,16,24,1004. Спичрайтер Йоды,Спичрайтер Йоды
1005,1,16,18,1005. Пирожки,Пирожки
1006,1,16,10,1006. Светофор,Светофор
1007,1,16,12,1007. Точки и прямоугольники,Точки и прямоугольники
1008,1,16,14,1008. Дорожная политика,Дорожная политика
1009,1,16,36,1009. Прыжки в длину,Прыжки в длину
1010,1,16,39,1010. Офисы,Офисы
1011,1,16,56,1011. Треугольник и окружности,Треугольник и окружности
1012,1,16,10,1012. Семья,Семья
1013,1,16,11,1013. Паркет – 2,Паркет - 2
1014,1,16,50,1014. Обмен,Обмен
1015,1,16,30,1015. Апельсины – 2,Апельсины - 2
1016,1,16,33,1016. Ученики,Ученики
1017,1,16,54,1017. Функция – 3,Функция - 3
1018,1,32,52,1018. Игра – 4,Игра - 4
1019,1,16,46,1019. Последовательность – 6,Последовательность - 6
1020,1,16,19,1020. Биты,Биты
1025,1,16,20,1025. Хорошая таблица,Хорошая таблица
1030,1,16,22,1030. POBEDA-2014,POBEDA-2014
1031,1,16,31,1031. Список школ,Список школ
1032,2,16,53,1032. Межрегиональная олимпиада,Межрегиональная олимпиада
1033,5,16,74,1033. Дом Мэра,Дом Мэра
1034,1,16,26,1034. Светофоры,Светофоры
1035,1,16,35,1035. Кондиционеры,Кондиционеры
1036,2,16,60,1036. Конфеты,Конфеты
1037,2,16,62,1037. Волонтеры,Волонтеры
1038,1,16,12,1038. Перевязь,Перевязь
1039,3,16,25,1039. Портрет,Портрет
1040,1,16,26,1040. Система счисления - 2,Система счисления
1041,3,16,52,1041. Отрезки - 2,Отрезки - 2
1042,1,16,25,1042. Секрет,Секрет
1043,1,16,50,1043. Звезда,Звезда
1044,1,16,47,1044. Ковер,Ковер
1045,1,16,42,1045. Единички,Единички
1046,1,16,51,1046. Дерево - 2,Дерево - 2
1047,1,16,42,1047. Задача о назначениях,Задача о назначениях
1048,2,32,64,1048. Автоспорт,Автоспорт
1053,1,16,71,1053. Три поросенка,Три поросенка
1054,1,32,57,1054. Ладья в лабиринте,Ладья в лабиринте
1055,3,16,69,1055. Игра с шоколадкой,Игра с шоколадкой
1060,1,16,46,1060. Простые пары,Простые пары
1061,5,16,58,1061. Геометрическая головоломка,Геометрическая головоломка
1064,1,16,62,1064. Человек Рассеянный,Человек Рассеянный
1070,1,16,31,1070. Оптимизация сепарабельной функции,Оптимизация сепарабельной функции
1071,1,16,13,1071. Перестановка - 2,Перестановка - 2
1072,1,16,25,1072. Космические путешествия,Космические путешествия
1074,1,16,16,1074. Расширение Вселенных,Расширение Вселенных
1075,1,16,15,1075. Победитель,Победитель
1076,1,16,82,1076. Вредные привычки,Вредные привычки
1078,2,16,59,1078. Декодирование префиксных кодов,Декодирование префиксных кодов
1079,1,16,64,1079. Гонки на лодках,Гонки на лодках
1080,1,16,23,1080. Простые операции над массивом,Простые операции над массивом
1081,2,16,26,1081. Суммы на отрезках,Суммы на отрезках
1082,2,16,29,1082. Суммы в прямоугольнике,Суммы в прямоугольнике
1083,2,16,60,1083. Sqrt-декомпозиция,Sqrt-декомпозиция
1084,1,16,45,1084. Дерево Фенвика,Дерево Фенвика
1085,2,16,55,1085. Двумерный Фенвик,Двумерный Фенвик
1086,1,16,5,1086. A+B+C,A+B+C
1087,1,16,6,"1087. Камень, ножницы, бумага","Камень, ножницы, бумага"
1088,1,16,27,1088. Шахматные фигуры,Шахматные фигуры
1089,1,16,14,1089. Площадь прямоугольного треугольника,Площадь прямоугольного треугольника
1090,1,16,10,1090. Координатная четверть,Координатная четверть
1091,1,16,18,1091. Игра в города,Игра в города
1092,1,16,31,1092. Казино,Казино
1093,1,16,52,1093. Раскраска карты,Раскраска карты
1094,1,16,20,1094. Периметр треугольника,Периметр треугольника
1095,1,16,23,1095. Клеточное поле,Клеточное поле
1096,1,16,29,1096. Считалочка,Считалочка
1097,1,16,47,1097. Задача. Танцуют все!,Танцуют все!
1098,2,16,62,1098. Шахматная расстановка,Шахматная расстановка
1099,1,16,36,1099. Шахматные баталии,Шахматные баталии
1107,1,16,25,1107. Перемешивание,Перемешивание
1109,1,16,4,1109. Следующее и предыдущее,Следующее и предыдущее
1110,1,16,3,1110. Последняя цифра,Последняя цифра
1111,1,16,5,1111. Число десятков,Число десятков
1112,1,16,7,1112. Сумма цифр числа,Сумма цифр числа
1113,1,16,10,1113. Проверьте делимость,Проверьте делимость
1114,1,16,11,1114. МКАД,МКАД
1115,1,16,15,1115. Дележ яблок,Дележ яблок
1116,1,16,9,1116. Разность времен,Разность времен
1117,1,16,12,1117. Конец уроков,Конец уроков
1118,1,16,24,1118. Улитка,Улитка
1119,1,16,8,1119. Ладья,Ладья
1120,1,16,13,1120. Слон,Слон
1121,1,16,14,1121. Ферзь,Ферзь
1122,1,16,11,1122. Король,Король
1123,1,16,12,1123. Конь,Конь
1124,1,16,18,1124. Пешка,Пешка
1125,1,16,12,1125. Список квадратов,Список квадратов
1126,1,16,13,1126. Минимальный делитель,Минимальный делитель
1127,1,16,13,1127. Список степеней двойки,Список степеней двойки
1128,1,16,32,1128. Утренняя пробежка,Утренняя пробежка
1129,1,16,21,1129. Банковские проценты,Банковские проценты
1130,1,16,16,1130. Сложность бинарного поиска,Сложность бинарного поиска
1131,1,16,34,1131. Корень кубического уравнения,Корень кубического уравнения
1132,1,16,11,1132. Длина последовательности,Длина последовательности
1133,1,16,12,1133. Сумма последовательности,Сумма последовательности
1134,1,16,13,1134. Среднее значение,Среднее значение
1135,1,16,14,1135. Количество четных элементов,Количество четных элементов
1136,1,16,14,1136. Максимум последовательности,Максимум последовательности
1137,1,16,15,"1137. Элементы, большие предыдущего","Элементы, большие предыдущего"
1138,1,16,16,1138. Второй максимум,Второй максимум
1139,1,16,17,"1139. Элементы, равные максимуму","Элементы, равные максимуму"
1140,1,16,18,1140. Сумма последовательности - 2,Сумма последовательности - 2
1141,1,16,19,1141. Равные элементы,Равные элементы
1142,1,16,20,1142. Монотонный фрагмент,Монотонный фрагмент
1143,1,16,21,1143. Локальные максимумы,Локальные максимумы
1144,1,16,22,1144. Расстояние между максимумами,Расстояние между максимумами
1145,1,16,25,1145. Стандартное отклонение,Стандартное отклонение
1146,1,16,6,1146. Цифра,Цифра
1147,1,16,7,1147. Верхний регистр,Верхний регистр
1148,1,16,8,1148. Смена регистра,Смена регистра
1149,1,16,9,1149. Количество нулей,Количество нулей
1150,1,16,10,1150. Удаление цифр,Удаление цифр
1151,1,16,15,1151. Пароль,Пароль
1152,1,16,14,1152. Вставка символов,Вставка символов
1153,1,16,18,1153. Благозвучное слово,Благозвучное слово
1154,1,16,23,1154. IP-адрес,IP-адрес
1155,1,16,46,1155. Рекламный щит,Рекламный щит
1156,1,16,61,1156. Минимальный сдвиг,Минимальный сдвиг
1157,2,64,59,1157. Подпалиндромы,Подпалиндромы
1158,5,16,76,1158. Циклические сдвиги,Циклические сдвиги
1159,2,32,79,1159. Алгоритм Манакера,Алгоритм Манакера
1160,2,32,51,1160. Префикс-функция,Префикс-функция
1161,2,16,54,1161. Z-функция,Z-функция
1162,1,16,6,1162. Станки,Станки
1163,1,16,14,1163. Распродажа,Распродажа
1164,1,16,15,1164. Последовательность,Последовательность
1165,1,16,20,1165. Обратное число,Обратное число
1166,1,16,41,1166. Шифровка,Шифровка
1167,1,16,43,1167. Формула,Формула
1168,1,16,30,1168. Экзамены,Экзамены
1169,1,16,8,1169. Отрезок,Отрезок
1170,2,32,55,1170. Лабиринт минотавра,Лабиринт минотавра
1171,1,16,3,1171. Квадрат,Квадрат
1172,1,16,57,1172. Функция Эйлера,Функция Эйлера
1173,1,16,73,1173. Обратный элемент,Обратный элемент
1175,2,16,43,1175. Минимумы на отрезках,Минимумы на отрезках
1176,2,32,62,1176. Минимумы в прямоугольнике,Минимумы в прямоугольнике
1177,3,32,83,1177. Пирамида,Пирамида
1178,"0,25",16,56,1178. Построение,Построение
1179,1,32,37,1179. Суперминимум,Суперминимум
1180,1,16,35,1180. Максимумы на отрезках,Максимумы на отрезках
1181,1,16,36,1181. Число нулей на отрезке,Число нулей на отрезке
1182,1,16,64,1182. Билеты на электричку,Билеты на электричку
1183,1,32,46,1183. НОД на отрезках,НОД на отрезках
1184,2,32,55,1184. Range Maximum Query,Range Maximum Query
1185,1,32,51,1185. RMQ с изменением элемента,RMQ с изменением элемента
1186,1,32,53,1186. RSQ с изменением элемента,RSQ с изменением элемента
1187,1,32,54,1187. НОД с изменением элемента,НОД с изменением элемента
1188,1,32,66,1188. Дерево с изменением отрезка,Дерево с изменением отрезка
1193,1,16,5,1193. Чемпионат,Чемпионат
1194,1,16,14,1194. Напротив,Напротив
1197,1,16,56,1197. Количество различных подстрок,Количество различных подстрок
1198,1,16,23,1198. Генератор паролей,Генератор паролей
1199,1,16,28,1199. Профессор Хаос,Профессор Хаос
1200,1,16,18,1200. Измени порядок,Измени порядок
1201,1,16,16,1201. Матрица смежности,Матрица смежности
1202,1,16,17,1202. Список ребер,Список ребер
1203,1,16,19,1203. Список смежности,Список смежности
1204,1,16,20,1204. Ориентированный граф,Ориентированный граф
1205,1,16,18,1205. Регулярный граф,Регулярный граф
1206,1,16,29,1206. Выбор зала,Выбор зала
1207,1,32,34,1207. Призы,Призы
1208,3,16,62,1208. Река,Река
1209,2,16,71,1209. Поиск в сети Меганет,Поиск в сети Меганет
1210,1,16,13,1210. Кольцевая линия,Кольцевая линия
1211,1,16,33,1211. Вырубка леса,Вырубка леса
1212,1,16,47,1212. Укладка плитки,Укладка плитки
1213,1,16,92,1213. Магические порталы,Магические порталы
1214,1,16,12,1214. Линейный поиск,Линейный поиск
1215,1,16,15,1215. Ближайшее число,Ближайшее число
1216,1,16,16,1216. Максимальный элемент,Максимальный элемент
1217,1,16,17,1217. Контроперация,Контроперация
1218,1,16,18,1218. Шеренга,Шеренга
1219,1,16,19,1219. Двойной переворот,Двойной переворот
1220,1,16,20,1220. Суперсдвиг,Суперсдвиг
1221,1,16,38,1221. ЕГЭ,ЕГЭ
1222,3,64,22,1222. Телефонный справочник,Телефонный справочник
1223,1,16,25,1223. Точки на плоскости,Точки на плоскости
1224,1,16,26,1224. Лучшие из лучших,Лучшие из лучших
1225,1,16,10,1225. Количество цифр,Количество цифр
1226,1,16,11,1226. Подсчет букв,Подсчет букв
1227,1,16,14,1227. Число сочетаний,Число сочетаний
1228,1,16,15,1228. Сумма простых чисел,Сумма простых чисел
1229,1,16,16,1229. Прямоугольный треугольник,Прямоугольный треугольник
1231,1,16,18,1231. Сортировка пузырьком,Сортировка пузырьком
1232,1,16,16,1232. Двумерный массив,Двумерный массив
1233,1,16,13,1233. Транспонирование - 1,Транспонирование - 1
1234,1,16,16,1234. Транспонирование - 2,Транспонирование - 2
1235,1,16,14,1235. Транспонирование - 3,Транспонирование - 3
1236,1,16,15,1236. Транспонирование - 4,Транспонирование - 4
1237,1,16,12,1237. Сумма матриц,Сумма матриц
1238,1,16,21,1238. Произведение матриц,Произведение матриц
1241,1,16,13,1241. Квадрат,Квадрат
1242,1,16,64,1242. Бином,Бином
1243,1,16,10,1243. Стоимость,Стоимость
1244,1,16,20,1244. Дартс,Дартс
1245,1,16,28,1245. Шифрование,Шифрование
1246,1,16,26,1246. Дробь,Дробь
1247,1,16,31,1247. Слова,Слова
1248,1,16,16,1248. Расписание,Расписание
1249,1,16,32,1249. Изображение таблицы,Изображение таблицы
1250,1,16,42,1250. Волна,Волна
1252,1,16,25,1252. Разложи на множители!,Разложи на множители!
1253,1,16,15,1253. Наименьшее общее кратное,Наименьшее общее кратное
1256,1,16,69,1256. Военная академия,Военная академия
1258,1,32,91,1258. Голодный ферзь - 2,Голодный ферзь - 2
1261,1,16,5,1261. Математики и грибы,Математики и грибы
1262,1,16,12,1262. Олимпиада по информатике,Олимпиада по информатике
1263,1,16,20,1263. Дональд-почтальон,Дональд-почтальон
1264,1,16,16,1264. Сороконожка,Сороконожка
1265,1,16,34,1265. Флаги,Флаги
1266,1,16,12,1266. Книга,Книга
1267,1,16,13,1267. Прогульщик уроков,Прогульщик уроков
1268,1,16,17,1268. Последовательность,Последовательность
1269,1,16,36,1269. Настольный теннис,Настольный теннис
1270,5,16,58,1270. Шкафчики,Шкафчики
1271,1,16,30,1271. Ёлочка,Ёлочка
1272,1,16,25,1272. Словесная запись числа,Словесная запись числа
1273,1,16,54,1273. Робот Гильберта,Робот Гильберта
1274,1,16,28,1274. Акции,Акции
1275,2,16,61,1275. Изоморфизм,Изоморфизм
1276,3,16,26,1276. Блоки,Блоки
1277,1,16,10,1277. Скидки,Скидки
1278,1,16,55,1278. Формула,Формула
1279,1,16,40,1279. Забег,Забег
1280,1,16,24,1280. Беспризорник,Беспризорник
1281,1,16,21,1281. Квадратный корень,Квадратный корень
1282,1,16,38,1282. Студенты,Студенты
1283,1,16,5,1283. Треугольник,Треугольник
1284,1,16,31,1284. Слова,Слова
1285,1,16,56,1285. Мосты,Мосты
1286,1,16,7,1286. Друзья,Друзья
1292,1,16,18,1292. Крестные отцы,Крестные отцы
1294,1,16,48,1294. Интеграл,Интеграл
1297,1,16,25,1297. Простые числа,Простые числа
1298,2,16,45,1298. Возрастающая подпоследовательность,Возрастающая подпоследовательность
1299,1,16,35,1299. Длинная сумма,Длинная сумма
1300,1,16,40,1300. Змейка,Змейка
1301,1,16,32,1301. Совершенные числа,Совершенные числа
1302,1,16,43,1302. Деление длинного числа на короткое,Деление длинного числа на короткое
1303,1,16,41,1303. Скобки,Скобки
1304,1,16,38,1304. Маршрут,Маршрут
1306,1,16,16,1306. Карточки,Карточки
1307,1,16,34,1307. Бой курантов,Бой курантов
1308,1,16,48,1308. Наибольший простой делитель,Наибольший простой делитель
1309,1,16,15,1309. Конфеты,Конфеты
1310,1,16,24,1310. Организация соревнования,Организация соревнования
1312,1,16,33,1312. Степени двойки,Степени двойки
1314,1,16,26,1314. Упаковка,Упаковка
1315,1,16,44,1315. Lines,Lines
1316,1,16,46,1316. Покраска лабиринта,Покраска лабиринта
1317,1,16,43,1317. Удаление клеток,Удаление клеток
1318,1,16,45,1318. Диалог компьютеров,Диалог компьютеров
1319,1,16,55,1319. Анти-QuickSort,Анти-QuickSort
1320,1,16,48,1320. Строки Фибоначчи,Строки Фибоначчи
1321,1,16,76,1321. Игра в зачёркивание,Игра в зачеркивание
1322,1,16,36,1322. Граница многоугольника,Граница многоугольника
1323,1,16,54,1323. Путь спелеолога,Путь спелеолога
1324,1,16,62,1324. Дырявая ткань,Дырявая ткань
1325,1,16,42,1325. Бросание кубика,Бросание кубика
1326,1,16,37,1326. Последовательность,Последовательность
1327,1,16,39,1327. Провода,Провода
1328,1,16,58,1328. Палиндромы,Палиндромы
1329,1,16,33,1329. Круговая площадь,Круговая площадь
1330,1,16,30,1330. Гомер Симпсон,Гомер Симпсон
1331,1,16,42,1331. Дробная арифметика,Дробная арифметика
1332,1,16,39,1332. Последовательность (2),Последовательность (2)
1333,1,16,47,1333. Гирлянда,Гирлянда
1334,1,16,47,1334. Головоломка умножения,Головоломка умножения
1335,1,16,65,1335. Точки в многоугольнике,Точки в многоугольнике
1336,1,16,78,1336. Водопровод,Водопровод
1337,1,16,72,1337. Химические реакции,Химические реакции
1338,1,16,61,1338. Двойная решётка,Двойная решетка
1339,1,16,38,1339. Последовательность Фибоначчи,Последовательность Фибоначчи
1340,1,16,51,1340. Скобки (3),Скобки (3)
1341,1,16,46,1341. Центр тяжести,Центр тяжести
1342,1,16,60,1342. Сумма произведений,Сумма произведений
1343,1,16,83,1343. Статическая сложность,Статическая сложность
1344,1,16,58,1344. Марковский цикл,Марковский цикл
1345,1,16,36,1345. Д-44,Д-44
1346,1,16,52,1346. Упаковка символов,Упаковка символов
1347,1,16,43,1347. Пирамиды,Пирамиды
1348,1,16,56,1348. Поле для крикета,Поле для крикета
1349,1,16,81,1349. Электронная таблица,Электронная таблица
1350,1,16,48,1350. Игра с калькулятором,Игра с калькулятором
1351,1,16,69,1351. Площадь треугольника,Площадь треугольника
1352,1,16,74,1352. Формирование поезда,Формирование поезда
1353,1,16,70,1353. Стена,Стена
1354,1,16,60,1354. Семечки,Семечки
1355,1,16,73,1355. Умножение многочленов,Умножение многочленов
1356,1,16,18,1356. Степени вершин,Степени вершин
1357,1,16,26,1357. Истоки и стоки,Истоки и стоки
1358,1,16,22,1358. Полный граф,Полный граф
1359,1,16,30,1359. Турнир,Турнир
1360,2,16,47,1360. Компоненты связности,Компоненты связности
1361,1,16,47,1361. Числа,Числа
1362,1,16,51,1362. Игрушечный лабиринт,Игрушечный лабиринт
1363,1,16,49,1363. Кладоискатель,Кладоискатель
1364,"0,4",32,53,1364. Водолей,Водолей
1365,2,64,55,1365. Цивилизация,Цивилизация
1366,1,16,60,1366. Только направо,Только направо
1367,1,16,72,1367. Наименьшее кратное,Наименьшее кратное
1368,1,16,40,1368. Флойд вместо Дейкстры,Флойд вместо Дейкстры
1369,1,16,42,1369. Самый длинный путь,Самый длинный путь
1370,1,16,42,1370. Самый короткий путь,Самый короткий путь
1371,1,16,43,1371. Есть ли цикл?,Есть ли цикл?
1372,1,16,41,1372. Транзитивное замыкание,Транзитивное замыкание
1373,1,16,45,1373. Два профессора,Два профессора
1374,1,16,45,1374. Столовая,Столовая
1375,1,16,52,1375. Опасный маршрут,Опасный маршрут
1376,1,16,74,1376. Pink Floyd,Pink Floyd
1377,1,16,44,1377. Алгоритм Форда-Беллмана – 2,Алгоритм Форда-Беллмана - 2
1378,1,16,45,1378. Рейсы во времени,Рейсы во времени
1379,2,32,48,1379. Авиаперелеты,Авиаперелеты
1380,1,16,55,1380. Цикл отрицательного веса – 2,Цикл отрицательного веса - 2
1381,1,16,53,1381. Алгоритм Дейкстры – 2,Алгоритм Дейкстры - 2
1382,3,64,64,1382. Транспортировка,Транспортировка
1383,3,128,60,1383. Дейкстра за O(M log N),Дейкстра за O(M log N)
1384,3,64,72,1384. Защищенное соединение,Защищенное соединение
1385,1,16,51,1385. Получи дерево,Получи дерево
1386,1,16,58,1386. Связанное множество,Связанное множество
1387,2,16,62,1387. Остовное дерево,Остовное дерево
1388,1,16,65,1388. Школы,Школы
1389,1,16,75,1389. Печатная схема,Печатная схема
1390,1,16,67,1390. Маршрут для гонца,Маршрут для гонца
1391,3,32,70,1391. Конденсация графа,Конденсация графа
1392,1,16,66,1392. Совершенно секретно,Совершенно секретно
1393,1,16,73,1393. Кубики,Кубики
1394,1,16,85,1394. Задача о назначениях,Задача о назначениях
1395,2,16,89,1395. Расшифровка,Расшифровка
1396,1,16,19,1396. Призы,Призы
1397,1,16,25,1397. Космическое поселение,Космическое поселение
1398,1,16,52,1398. Странные строки,Странные строки
1399,3,32,74,1399. Поездка на каникулах,Поездка на каникулах
1400,1,16,17,1400. Три сына,Три сына
1401,1,16,43,1401. Гипершашки,Гипершашки
1402,1,16,49,1402. Интересные числа,Интересные числа
1403,3,16,78,1403. Гармоничная последовательность,Гармоничная последовательность
1404,1,16,13,1404. Простой шифр,Простой шифр
1405,5,128,71,1405. Лягушка,Лягушка
1406,1,16,21,1406. Электронная очередь,Электронная очередь
1407,1,16,33,1407. Производная,Производная
1408,1,16,73,1408. Степени двойки,Степени двойки
1409,1,16,85,1409. Сыграем?,Сыграем?
1410,1,16,29,1410. Вася и отрезки,Вася и отрезки
1411,5,128,42,1411. Различные префиксы,Различные префиксы
1412,1,16,44,1412. Взрывчатка,Взрывчатка
1413,1,16,45,1413. Перестановка,Перестановка
1414,5,16,68,1414. Многословие,Многословие
1415,1,16,17,1415. Подготовка к ЕГЭ,Подготовка к ЕГЭ
1416,1,16,3,1416. Сокращение перемен,Сокращение перемен
1417,1,16,6,1417. Суд,Суд
1418,1,16,14,1418. Наибольшее четное число,Наибольшее четное число
1419,1,16,22,1419. Переверни числа,Переверни числа
1420,1,16,44,1420. Коровы – в стойла!,Коровы - в стойла!
1421,1,16,18,1421. Число,Число
1422,1,16,37,1422. Стрелочки,Стрелочки
1423,1,16,56,1423. Красивая матрица,Красивая матрица
1424,1,16,47,1424. Нортландский шифр,Нортландский шифр
1425,1,16,52,1425. Правильная таблица,Правильная таблица
1426,1,16,22,1426. Снежинка,Снежинка
1427,1,16,35,1427. Киберспорт,Киберспорт
1428,1,16,29,1428. Окружность,Окружность
1429,1,16,14,1429. Лягушка,Лягушка
1430,1,16,32,1430. Максимальное число,Максимальное число
1431,1,16,16,1431. Пираты,Пираты
1432,3,16,40,1432. Суммы на отрезках - 2,Суммы на отрезках - 2
1433,5,16,50,1433. Минимумы на отрезках - 2,Минимумы на отрезках - 2
1434,8,16,60,1434. Произведения на отрезках,Произведения на отрезках
1435,1,16,4,1435. Яблоки,Яблоки
1436,1,16,20,1436. Пирамида,Пирамида
1437,1,16,27,1437. Маги,Маги
1438,2,16,51,1438. Зубры,Зубры
1439,1,16,25,1439. Коллекция,Коллекция
1440,2,16,55,1440. За стол!,За стол!
1441,1,16,32,1441. Фермер Тетракарп,Фермер Тетракарп
1442,1,16,29,1442. Саша и массив,Саша и массив
1443,1,16,6,1443. Длина числа,Длина числа
1444,1,16,4,1444. Стулья,Стулья
1446,1,16,16,1446. Счёт,Счёт
1450,1,16,25,1450. Число,Число
1453,1,16,35,1453. Обычный мальчик,Обычный мальчик
1454,2,32,47,1454. Автобус,Автобус
1455,1,16,28,1455. Гена атакует,Гена атакует
1456,1,16,27,1456. Кампус,Кампус
1457,1,16,38,1457. Калькулятор,Калькулятор
1458,2,64,63,1458. Размещение данных,Размещение данных
1459,2,16,81,1459. Полезные ископаемые,Полезные ископаемые
1460,1,16,32,1460. Автоматизированное управление доставкой,Автоматизированное управление доставкой
1461,1,16,38,1461. Большой линейный коллайдер,Большой линейный коллайдер
1462,2,64,47,1462. Силовые поля,Силовые поля
1463,3,128,75,1463. Повышение квалификации,Повышение квалификации
1464,1,16,53,1464. Максимальная подпоследовательность - 2,Максимальная подпоследовательность - 2
1465,1,16,23,1465. Угадай число,Угадай число
1466,2,16,41,1466. Бесконечный поезд,Бесконечный поезд
1467,1,16,61,1467. Крестики-нолики,Крестики-нолики
1468,1,16,8,1468. Ближайшее нечётное,Ближайшее нечётное
1469,3,16,56,1469. Бобры-Зомби,Бобры-Зомби
1470,1,16,31,1470. CSV Reader,CSV Reader
1471,3,32,77,1471. Суперпозиция,Суперпозиция
1472,1,16,42,1472. Системы счисления,Системы счисления
1473,2,16,38,1473. Раздел империи,Раздел империи
1474,1,16,22,1474. Крыша,Крыша
1475,1,16,35,1475. Хардкорный массив,Хардкорный массив
1476,2,16,60,1476. Виталя и Рома,Виталя и Рома
1477,1,16,24,1477. Квадратов много не бывает,Квадратов много не бывает
1478,1,16,70,1478. Числа Фибоначчи,Числа Фибоначчи
1479,1,16,7,1479. Остаток от деления,Остаток от деления
1480,1,16,26,1480. Голосование,Голосование
1481,2,32,50,1481. Дендрохронология,Дендрохронология
1482,1,16,18,1482. Снежинка Коха,Снежинка Коха
1483,1,16,16,1483. Газонокосильщик,Газонокосильщик
1484,1,32,23,1484. Предложение,Предложение
1485,2,32,48,1485. Ремонт забора,Ремонт забора
1486,1,16,9,1486. Лампочка,Лампочка
1487,1,16,28,1487. Слова - анаграммы,Слова-анаграммы
1488,1,16,36,1488. Робот,Робот
1489,1,16,12,1489. Том и Джерри,Том и Джерри
1490,1,16,53,1490. Вслепую по лабиринту,Вслепую по лабиринту
1491,1,16,5,1491. Горсть монет,Горсть монет
1492,1,16,14,1492. Количество байт,Количество байт
1493,1,16,26,1493. Вложенные рамки,Вложенные рамки
1494,1,16,42,1494. Муравей,Муравей
1495,1,16,12,1495. День рождения,День рождения
1496,5,16,53,1496. Огонь и лёд,Огонь и лёд
1497,5,32,87,1497. Скучные запросы,Скучные запросы
1498,1,16,18,1498. Мотивация,Мотивация
1499,1,16,27,1499. Сыграешь с Денисом?,Сыграешь с Денисом?
1500,5,32,38,1500. Космический мусор,Космический мусор
1507,1,16,28,1507. Максимальная разность,Максимальная разность
1508,1,16,30,1508. Деление столбиком,Деление столбиком
1511,1,16,15,1511. Улучшение успеваемости,Улучшение успеваемости
1512,2,16,33,1512. Квадраты и кубы,Квадраты и кубы
1513,3,64,62,1513. Лифт,Лифт
1514,5,256,72,1514. Мониторинг труб,Мониторинг труб
1515,1,16,25,1515. Удаление чисел,Удаление чисел
1516,2,16,48,1516. Старая книга,Старая книга
1517,1,32,40,1517. Красота фейерверка,Красота фейерверка
1518,8,128,80,1518. Обработка больших данных,Обработка больших данных
1564,1,16,3,1564. Обед,Обед
1565,1,16,53,1565. Страшный сон Егора,Страшный сон Егора
1566,1,16,24,1566. Виталя и кубик,Виталя и кубик
1567,1,16,27,1567. Удаление чисел,Удаление чисел
1568,1,16,17,1568. Юниты и ресурсы,Юниты и ресурсы
1569,1,16,36,1569. Задача без подвоха,Задача без подвоха
1570,5,64,75,1570. Раздел Империи,Раздел Империи
1571,1,16,30,1571. Великая Таблица Умножения,Великая таблица умножения
1572,1,16,32,1572. Индекс.Контест,Индекс.Контест
1573,1,16,41,1573. Юбилей,Юбилей
1574,1,16,7,1574. Простая задача,Простая задача
1575,1,16,62,1575. Матрица: Перезагрузка,Матрица: Перезагрузка
1576,1,16,1,1576. Дурак,Дурак
1577,1,16,2,1577. Таблица умножения,Таблица умножения
1578,1,16,5,1578. День недели,День недели
1579,1,16,12,1579. Классический латинский алфавит,Классический латинский алфавит
1580,"0,5",16,27,1580. Наилучшее число,Наилучшее число
1581,1,16,28,1581. Двоичные числа,Двоичные числа
1582,1,16,45,1582. Миссия невыполнима,Миссия невыполнима
1583,1,16,15,1583. Минимальный циклический сдвиг,Минимальный циклический сдвиг
1584,2,16,48,1584. Полное произведение,Полное произведение
1585,2,32,40,1585. Дачный участок,Дачный участок
1586,1,16,19,1586. Шаблон-палиндром,Шаблон-палиндром
1587,1,16,22,1587. Объединение параллелепипедов,Объединение параллелепипедов
1588,1,16,53,1588. Получи число,Получи число
1589,1,16,39,1589. Восстановление строки,Восстановление строки
1591,1,16,37,1591. Уравнение,Уравнение
1593,1,16,45,1593. Марсианский язык,Марсианский язык
1595,1,16,23,1595. Лексикографически минимальное число,Лексикографически минимальное число
1599,1,16,77,1599. Щедрое приданое,Щедрое приданое
1602,3,16,55,1602. Сумма в ромбе,Сумма в ромбе
1603,1,16,9,1603. Принцип Дирихле,Принцип Дирихле
1604,1,16,10,1604. Максимальная скорость,Максимальная скорость
1605,1,16,22,1605. Привет!,Привет!
1606,1,16,18,1606. Языки и цифры,Языки и цифры
1607,1,16,52,1607. Геометрическая прогрессия,Геометрическая прогрессия
1608,1,16,20,1608. Максимальный прямоугольник,Максимальный прямоугольник
1609,2,32,30,1609. Полка с книгами,Полка с книгами
1610,1,16,25,1610. Продажа деревьев,Продажа деревьев
1612,1,16,12,1612. Красивая дата,Красивая дата
1616,1,16,4,1616. Книги,Книги
1617,2,32,42,1617. Рейд-Босс,Рейд-Босс
1618,1,16,47,1618. Сапёр,Сапёр
1619,5,128,74,1619. Стоунхендж 2077,Стоунхендж 2077
1620,1,16,25,1620. Новый будильник,Новый будильник
1621,2,32,31,1621. Тепло,Тепло
1622,1,16,9,1622. Очень длинный корень,Очень длинный корень
1623,1,16,54,1623. Плохой хеш,Плохой хеш
1624,1,16,34,1624. Максимальное число,Максимальное число
1625,1,16,17,1625. Дроны фермера Джона,Дроны фермера Джона
1646,"0,2",16,26,1646. Два измерения,Два измерения
1647,1,16,45,1647. Полные квадраты,Полные квадраты
1648,3,64,77,1648. Автоматизация склада,Автоматизация склада
1649,3,512,89,1649. Машинное обучение,Машинное обучение
1650,1,16,25,1650. Неисправный марсоход,Неисправный марсоход
1651,5,512,55,1651. Интервальные тренировки,Интервальные тренировки
1652,2,256,66,1652. Экспедиция,Экспедиция
1653,8,256,83,1653. Разбиение на пары,Разбиение на пары
1662,1,16,18,1662. Окружность,Окружность
1665,1,16,52,1665. Магический квадрат,Магический квадрат
1667,1,16,48,1667. Аббревиатуры,Аббревиатуры
1669,1,16,15,1669. Архимед,Архимед
1670,1,16,51,1670. Верхняя граница,Верхняя граница
1671,5,64,77,1671. Волшебные цветы,Волшебные цветы
1672,1,16,23,1672. Двоичное упражнение,Двоичное упражнение
1673,1,16,58,1673. Stack Unwinding,Stack Unwinding
1674,1,16,21,1674. Пробежка,Пробежка
1675,1,16,48,1675. Три монеты,Три монеты
1676,2,32,35,1676. Кинозал,Кинозал
1677,1,16,13,1677. Индикатор загрузки,Индикатор загрузки
1678,5,64,54,1678. Заверните две!,Заверните две!
1679,1,16,3,1679. Сладкая вата,Сладкая вата
1681,1,16,1,1681. Hello world!,Hello world!
1682,1,16,25,1682. Кинотеатр,Кинотеатр
1683,1,16,37,1683. Метро,Метро
1684,1,16,29,1684. НОЧД и НОНД,НОЧД и НОНД
1685,1,16,15,1685. Вагон,Вагон
1686,1,16,17,1686. Школа,Школа
1687,1,16,6,1687. Трафик,Трафик
1688,1,16,12,1688. Зелёный человечек,Зелёный человечек
1689,1,16,7,1689. Лифт,Лифт
1690,2,64,48,1690. RSQ 3D,RSQ 3D
1691,1,16,61,1691. Максимальное разрезание,Максимальное разрезание
1692,5,16,73,1692. Фермер 3D,Фермер 3D
1693,1,16,46,1693. Каталоги,Каталоги
1694,1,16,26,1694. Грибные места,Грибные места
1695,1,64,42,1695. Минипалиндромы,Минипалиндромы
1696,2,32,28,1696. Карандаши,Карандаши
1697,1,16,10,1697. Три армии,Три армии
1698,1,16,7,1698. Ключ,Ключ
1699,1,16,13,1699. Прыжки в воду,Прыжки в воду
1700,1,16,24,1700. Прямоугольники,Прямоугольники
1701,1,16,28,1701. Шеренга,Шеренга
1702,1,16,24,1702. Сортировка выбором,Сортировка выбором
1703,1,16,4,1703. Поездка в кино,Поездка в кино
1704,1,16,42,1704. Отряд Стёпы,Отряд Стёпы
1705,1,16,15,1705. Очистка террасы,Очистка террасы
1706,1,16,28,1706. Битва школ,Битва школ
1707,2,16,32,1707. Этажи,Этажи
1708,3,64,67,1708. Космическое сновидение,Космическое сновидение
1709,2,32,31,1709. Неумолкающий Янпул,Неумолкающий Янпул
1710,2,32,47,1710. ЦПСП,ЦПСП
1711,1,16,36,1711. Стреляй!,Стреляй!
1712,1,16,8,1712. Swap optimization,Swap optimization
1713,5,128,53,1713. Баобаб,Баобаб
1716,1,16,13,1716. Полет Феникса,Полет Феникса
1717,1,16,10,1717. Число собранных яблок,Число собранных яблок
1722,1,16,3,1722. Переполох у турникетов,Переполох у турникетов
1725,1,16,23,1725. Метро,Метро
1726,1,16,24,1726. Площадь,Площадь
1727,1,16,30,1727. Космические шахматы,Космические шахматы
1728,1,16,12,1728. Ограда,Ограда
1729,2,16,22,1729. Опасные перекрестки,Опасные перекрестки
1730,1,16,25,1730. Странная Лотерея,Странная Лотерея
1731,1,16,33,1731. Пароль,Пароль
1732,1,16,46,1732. Зоопарк Глеба,Зоопарк Глеба
1737,2,16,52,1737. Факториал,Факториал
1740,1,16,16,1740. Разность квадратов,Разность квадратов
1741,3,32,39,1741. Превышение скорости,Превышение скорости
1742,2,16,52,1742. Борьба с рутиной,Борьба с рутиной
1743,2,64,69,1743. Олимпиада для роботов,Олимпиада для роботов
1744,1,64,23,1744. Максимальное произведение,Максимальное произведение
1745,2,16,34,1745. Планировка участка,Планировка участка
1746,2,32,51,1746. Банкомат,Банкомат
1747,8,256,74,1747. Плакаты,Плакаты
1749,3,128,57,1749. Школа побитового ИЛИ,Школа побитового ИЛИ
1750,1,16,24,1750. Прямоугольник,Прямоугольник
1751,1,16,21,1751. Ограбление в парке,Ограбление в парке
1752,1,16,45,1752. Скачки,Скачки
1753,1,16,54,1753. Ханойская башня,Ханойская башня
1754,1,16,5,1754. Настольный теннис,Настольный теннис
1755,1,16,13,1755. Время суток,Время суток
1756,1,16,1,1756. Игра,Игра
1757,1,16,6,1757. Шахматная доска,Шахматная доска
1758,1,16,35,1758. Шахматобокс,Шахматобокс
1760,1,16,3,1760. Дистанционное обучение,Дистанционное обучение
1761,1,16,21,1761. Код от сейфа,Код от сейфа
1762,1,32,51,1762. Всеобъемлющая Галактическая Магистральная Сеть,Всеобъемлющая Галактическая Магистральная Сеть
1763,1,16,17,1763. ДНК-палиндром,ДНК-палиндром
1764,1,32,77,1764. Разлад Империй,Разлад Империй
1765,1,16,24,1765. Раздача Фибоначчи,Раздача Фибоначчи
1766,1,16,41,"1766. Карты, числа, два заклинания","Карты, числа, два заклинания"
1767,1,16,45,1767. Гипноз,Гипноз
1768,1,16,53,1768. Круговой марафон,Круговой марафон
1769,5,256,76,1769. Пасьянс по-иркутски,Пасьянс по-иркутски
1770,1,16,31,1770. Shark Attack,Shark Attack
1771,1,16,9,1771. Два станка,Два станка
1772,2,16,32,1772. Разбиение таблицы,Разбиение таблицы
1773,1,16,57,1773. Изменённая ДНК,Изменённая ДНК
1774,2,64,72,1774. Антенна,Антенна
1775,1,16,10,1775. Календарь на Альфе Центавра,Календарь на Альфе Центавра
1776,1,16,32,1776. Числа,Числа
1777,3,16,63,1777. Хорошие раскраски,Хорошие раскраски
1778,1,32,66,1778. A+B,A+B
1780,8,16,52,1780. Числа Фибоначчи - 5,Числа Фибоначчи - 5
1781,8,16,68,1781. Числа Фибоначчи - 6,Числа Фибоначчи - 6
1782,1,16,4,1782. Загадай число,Загадай число
1783,1,16,5,1783. Отгадай число,Отгадай число
1784,1,16,10,1784. Изба,Изба
1785,1,16,16,1785. Ёлки,Ёлки
1786,1,16,12,1786. Катер,Катер
1787,1,16,18,1787. Отпуск,Отпуск
1788,1,16,20,1788. Разбиение на квадраты,Разбиение на квадраты
1789,1,16,32,1789. Получи ноль,Получи ноль
1790,1,16,48,1790. Воздушные шарики,Воздушные шарики
1791,1,16,55,1791. Необычная сортировка,Необычная сортировка
1792,1,16,6,1792. Разбиение на пары,Разбиение на пары
1793,1,16,33,1793. Делители,Делители
1794,1,32,42,1794. Сумма,Сумма
1795,1,16,36,1795. Замкнутая сортировка,Замкнутая сортировка
1796,1,16,11,1796. Цифра,Цифра
1797,1,16,17,1797. Выражение,Выражение
1798,1,16,13,1798. Капитал,Капитал
1799,2,16,21,1799. Преобразование,Преобразование
1800,5,512,67,1800. Простой путь,Простой путь
1801,1,64,72,1801. Города и дороги,Города и дороги
1803,1,16,18,1803. Кинотеатр,Кинотеатр
1804,1,16,32,1804. Лазерная пушка,Лазерная пушка
1806,1,16,7,1806. ,Плитка
1809,1,16,3,1809. Атрибутика,Атрибутика
1810,3,16,61,1810. Боксёры,Боксёры
1811,1,16,72,1811. Вечерний пейзаж города К.,Вечерний пейзаж города К
1812,2,128,44,1812. Генные модификации,Генные модификации
1813,1,16,34,1813. Деревянный забор,Деревянный забор
1814,1,16,55,1814. Е равно эм це квадрат?,E равно эм це квадрат?
1815,10,64,75,1815. Ёлочные украшения,Ёлочные украшения
1816,5,64,57,1816. Железнодорожные тарифы,Железнодорожные тарифы
1817,1,16,41,1817. Загадали? Угадаем!,Загадали? Угадаем!
1818,1,16,35,1818. Искусство алхимии,Искусство алхимии
1819,1,32,32,1819. Йодакоин,Йодакойн
1820,1,16,12,1820. Клумбы,Клумбы
1824,2,32,24,1824. Чемпионат по устному счету,Чемпионат по устному счету
1825,3,512,37,1825. Прыгающий робот,Прыгающий робот
1826,1,32,60,1826. Треугольная головоломка,Треугольная головоломка
1827,5,64,70,1827. Массивы-палиндромы,Массивы-палиндромы
1828,1,32,28,1828. Новый год в детском саду,Новый год в детском саду
1829,3,32,48,1829. Сортировка дробей,Сортировка дробей
1830,3,512,65,1830. Оптические каналы связи,Оптические каналы связи
1831,2,64,78,1831. Подарки,Подарки
1832,1,32,30,1832. Битва движков,Битва движков
1833,1,32,23,1833. Я не спал 2000 лет,Я не спал 2000 лет
1834,1,32,36,1834. Пробежка по лестнице,Пробежка по лестнице
1835,2,32,27,1835. Разборки в космосе,Разборки в космосе
1836,1,32,25,1836. Бесконечные вычисления,Бесконечные вычисления
1837,2,128,71,1837. Воспитательница,Воспитательница
1838,1,32,53,1838. Инскрипция,Инскрипция
1839,1,32,12,1839. Всё очень просто,Всё очень просто
1840,2,32,55,1840. Расписание занятий,Расписание занятий
1841,1,32,20,1841. Культ суперкомпьютера,Культ суперкомпьютера
1843,1,32,12,1843. Cashback,Cashback
1844,1,32,26,1844. Сортировка массива,Сортировка массива
1846,2,32,60,1846. Арифметическая прогрессия,Арифметическая прогрессия
1847,3,32,39,1847. Автобус №13,Автобус №13
1848,1,32,22,1848. Путешествие вдоль реки,Путешествие вдоль реки
1849,1,32,21,1849. Газировка,Газировка
1850,1,32,3,1850. Температура,Температура
1852,1,32,13,1852. Волшебная последовательность,Волшебная последовательность
1853,2,128,58,1853. Флаги,Флаги
1854,5,512,69,1854. Делители,Делители
1855,1,32,7,1855. Треугольник из палочек,Треугольник из палочек
1856,1,32,8,1856. Раскрашенный куб,Раскрашенный куб
1857,2,32,15,1857. Антон и арбузы,Антон и арбузы
1858,1,32,15,1858. Платные музыкальные сервисы,Платные музыкальные сервисы
1859,2,32,44,1859. Линейный футбол,Линейный футбол
1860,1,32,5,1860. Хитрое число,Хитрое число
1861,1,32,27,1861. Сортировка за линию?,Сортировка за линию?
1862,2,256,41,1862. Игра Рогалик,Игра Рогалик
1863,3,256,62,1863. Школа Зебры,Школа Зебры
1864,3,256,65,1864. Локдаун в Империи,Локдаун Империи
1865,1,64,33,1865. Флагштокинг,Флагштокинг
1866,5,256,74,1866. GCD Пары,GCD Пары
1867,1,32,18,1867. Ещё одна игровая механика,Ещё одна игровая механика
1868,1,32,63,1868. Столкновение пермутонов,Столкновение пермутонов
1869,1,32,24,1869. Равномерные раскраски,Равномерные раскраски
1871,1,32,24,1871. Разделение прямоугольника,Разделение прямоугольника
1872,2,32,46,1872. Произведение Фибоначчи,Произведение Фибоначчи
1873,2,128,54,1873. Робот-пылесос,Робот-пылесос
1874,3,512,69,1874. Разноцветные точки,Разноцветные точки
1875,1,32,22,1875. Метрострой,Метрострой
1876,2,128,57,1876. Красивые последовательности,Красивые последовательности
1877,3,32,62,1877. Камни,Камни
1878,2,32,78,1878. Обыкновенная задача про строки,Обыкновенная задача про строки
1881,1,32,3,1881. Вы все уже победители,Вы все уже победители
1882,1,32,23,1882. Заработай себе металлолома,Заработай себе металлолома
1883,3,32,57,1883. Обледенение,Обледенение
1884,2,32,64,1884. Дата сайнс,Дата сайнс
1885,1,32,27,1885. Вирусные воспоминания,Вирусные воспоминания
1886,1,64,31,1886. Докраска забора,Докраска забора
1887,1,32,12,1887. Скатерть,Скатерть
1888,1,256,74,1888. История одного анекдота,История одного анекдота
1889,2,64,44,1889. Кружок,Кружок
1890,1,32,1,1890. JuryGPT,JuryGPT
1899,1,32,47,1899. Германн и рулетка,Германн и рулетка
1900,8,32,50,1900. Старый ноутбук,Старый ноутбук
1901,1,32,12,1901. Спираль,Спираль
1902,1,32,32,1902. Треугольник в прямоугольнике,Треугольник в прямоугольнике
1904,1,32,15,1904. Домашняя работа,Домашняя работа
1905,2,64,55,1905. Игра в 8,Игра в 8
1906,5,128,67,1906. Поход за грибами,Поход за грибами
1907,1,32,70,1907. Площадь многоугольника,Площадь многоугольника
1908,1,32,16,1908. Мирные ладьи,Мирные ладьи
1909,1,32,32,1909. Весёлые качели,Весёлые качели
1910,1,32,30,1910. Поездка на автобусе,Поездка на автобусе
1911,2,64,42,1911. Башенки из кубиков,Башенки из кубиков
1912,1,32,4,1912. Винни-Пух,Винни-Пух
1920,1,32,10,1920. Прямые и окружности,Прямые и окружности
1921,1,32,13,1921. Братья и сёстры,Братья и сёстры
1922,1,32,17,1922. Шестёрки,Шестёрки
1923,1,32,32,1923. Награждение участников олимпиады,Награждение участников олимпиады
1924,1,32,28,1924. Фермер Джон и древний камень,Фермер Джон и древний камень
1925,1,32,9,1925. Интересные числа,Интересные числа
1926,3,32,44,1926. Клуб интересных уравнений,Клуб интересных уравнений
1927,3,64,56,1927. Генератор уровня,Генератор уровня
1928,1,32,30,1928. Угадай перестановку,Угадай перестановку
1929,2,32,27,1929. Название команды,Название команды
1930,3,128,71,1930. Заяц и медведь,Заяц и медведь
1931,1,32,5,1931. Итоговый счёт,Итоговый счёт
1932,1,32,53,1932. Повреждённый пароль,Повреждённый пароль
1933,1,32,37,1933. Настя и пропажа,Настя и пропажа
1934,1,32,33,1934. Дипломы Артемия,Дипломы Артемия
1935,1,32,24,1935. Посадка в самолет,Посадка в самолет
1936,2,32,27,1936. Битоническая последовательность,Битоническая последовательность
1937,3,256,62,1937. Игра с таблицей,Игра с таблицей
1938,5,256,73,1938. Выбор столицы,Выбор столицы
1939,3,32,43,1939. Разбиение массива,Разбиение массива
1940,2,64,36,1940. Бактерии,Бактерии
1941,1,128,66,1941. Разбиение на тройки,Разбиение на тройки
1942,5,128,75,1942. Обходы бинарного дерева,Обходы бинарного дерева
1943,1,32,27,1943. Алфавит для слепых,Алфавит для слепых
1944,1,32,25,1944. Строительство города,Строительство города
1945,1,32,30,1945. Безопасный пароль,Безопасный пароль
1946,1,32,19,1946. Дача,Дача
1947,1,32,42,1947. Квадраты,Квадраты
1948,1,32,35,1948. Сапер,Сапер
1949,1,32,29,1949. Диофантово уравнение,Диофантово уравнение
1950,1,32,30,1950. Офицеры,Офицеры
1951,2,32,43,1951. Максимальная подпоследовательность,Максимальная подпоследовательность
1952,1,32,16,1952. Периметр прямоугольника,Периметр прямоугольника
1953,1,32,23,1953. Площадь четырёхугольника,Площадь четырёхугольника
1954,2,256,33,1954. N-гиперпрямоугольник,N-гиперпрямоугольник
1955,1,32,15,1955. Олимпиада,Олимпиада
1956,3,32,37,1956. Цифра в числах,Цифра в числах
1957,1,32,23,1957. Спортивный азарт Боба,Спортивный азарт Боба
1958,1,32,24,1958. Двоичный автомат,Двоичный автомат
1959,1,32,27,1959. Троичная запись числа,Троичная запись числа
1960,1,32,31,1960. Семеричная запись числа,Семеричная запись числа
1961,1,32,24,1961. Двоичный автомат 2,Двоичный автомат 2
1962,1,32,25,1962. Двоичный автомат 3,Двоичный автомат 3
1963,1,32,46,1963. Оптимальные маршруты,Оптимальные маршруты
1964,1,32,25,1964. Двоичный автомат 4,Двоичный автомат 4
1965,1,32,25,1965. Двоичный автомат 5,Двоичный автомат 5
1966,3,32,25,1966. Двоичный автомат 6,Двоичный автомат 6
1967,1,32,25,1967. Двоичный автомат 7,Двоичный автомат 7
1968,1,32,25,1968. Двоичный автомат 8,Двоичный автомат 8
1969,1,32,25,1969. Двоичный автомат 9,Двоичный автомат 9
1970,1,32,28,1970. Троичный автомат,Троичный автомат
1971,1,32,28,1971. Троичный автомат 2,Троичный автомат 2
1972,1,32,27,1972. Пятеричная запись числа,Пятеричная запись числа
1973,1,32,26,1973. Эля и друзья,Эля и друзья
1974,1,32,26,1974. Двоичный автомат 10,Двоичный автомат 10
1975,1,32,14,1975. Хомяк,Хомяк
1976,3,256,53,1976. Задачка из ЕГЭ,Задачка из ЕГЭ
1977,3,256,58,1977. Тетрис 3D,Тетрис 3D
1978,1,32,21,1978. Разноцветный квадрат,Разноцветный квадрат
1979,1,32,38,1979. Несократимые дроби,Несократимые дроби
1980,1,32,26,1980. Числовая лесенка,Числовая лесенка
1981,1,32,25,1981. Четырёхзначное число,Четырёхзначное число
1982,1,32,25,1982. Трёхзначное число,Трёхзначное число
1983,2,32,31,1983. Канал связи,Канал связи
1984,2,32,32,1984. Шестизначное число,Шестизначное число
1985,1,32,28,1985. Шестнадцатеричная запись числа,Шестнадцатеричная запись числа
1986,1,32,30,1986. Двенадцатеричная запись числа,Двенадцатеричная запись числа
1987,1,32,42,1987. Количество маршрутов,Количество маршрутов
1988,1,32,35,1988. Перестановки цифр,Перестановки цифр
1989,1,32,16,1989. Редактор,Редактор
1990,1,32,7,1990. Редактор 2,Редактор 2
1991,1,32,17,1991. Редактор 3,Редактор 3
1992,1,32,18,1992. Редактор 4,Редактор 4
1993,1,32,33,1993. Четырёхзначное число,Четырёхзначное число
1994,1,32,36,1994. Активные числа - 1,Активные числа - 1
1995,1,32,44,1995. Активные числа - 2,Активные числа - 2
1996,1,32,38,1996. Проблемы? Звоните 002!,Проблемы? Звоните 002!
1997,1,32,25,1997. Редактор 5,Редактор 5
1998,8,32,36,1998. Редактор 6,Редактор 6
1999,1,32,42,1999. СуперПуперМегаРедактор,СуперПуперМегаРедактор
2000,1,32,29,2000. Редактор 7,Редактор 7
2001,1,32,30,2001. Редактор 8,Редактор 8
2002,1,128,25,2002. Слова из имени,Слова из имени
2003,1,32,25,2003. КЦЖЧФМР,КЦЖЧФМР
2004,1,32,26,2004. Настольный теннис,Настольный теннис
2005,1,32,7,2005. Всё могут короли,Всё могут короли
2006,1,32,18,2006. Натуральный ряд,Натуральный ряд
2007,1,32,28,2007. Городки,Городки
2008,1,32,22,2008. Сон Пифагора,Сон Пифагора
2009,1,32,57,2009. Геометрическая игра на планшете,Геометрическая игра на планшете
2010,1,32,31,2010. Восторг,Восторг
2011,1,32,31,2011. Доклад,Доклад
2012,1,32,23,2012. Барабан,Барабан
2013,1,32,24,2013. Барабанщик,Барабанщик
2014,1,32,24,2014. Компьютер,Компьютер
2015,1,32,41,2015. Палиндромы,Палиндромы
2016,1,32,39,2016. Изобретение,Изобретение
2017,1,32,45,2017. Антиутопия,Антиутопия
2018,1,128,58,2018. Схема дорог,Схема дорог
2023,1,32,6,2023. Ювелирное украшение,Ювелирное украшение
2024,1,32,28,2024. Чётная сумма цифр,Чётная сумма цифр
2027,1,32,14,2027. Забытая цифра,Забытая цифра
2028,5,256,68,2028. Число + олсич,Число + олсич
2029,2,64,43,2029. Соревнование кузнечиков,Соревнование кузнечиков
2030,1,32,17,2030. ,Два квадрата
2031,1,32,26,2031. Горы мусора,Горы мусора
2032,3,64,40,2032. Урок физкультуры,Урок физкультуры
2033,1,32,29,2033. Игра в монетку,Игра в монетку
2034,1,32,20,2034. Снеговик,Снеговик
2035,2,64,57,2035. Сплетня,Сплетня
2036,1,32,28,2036. Кластеры,Кластеры
2037,1,32,35,2037. Адресация - 1,Адресация - 1
2038,1,32,20,2038. Последовательность 1,Последовательность 1
2039,2,32,35,2039. Игра с друзьями - 1,Игра с друзьями - 1
2040,1,32,80,2040. Игра с друзьями - 2,Игра с друзьями - 2
2041,1,32,25,2041. Последовательность 2,Последовательность 2
2042,1,32,26,2042. Последовательность 3,Последовательность 3
2043,1,32,25,2043. Анализ данных 1,Анализ данных 1
2044,1,32,29,2044. Двоичный автомат 11,Двоичный автомат 11
2045,1,32,55,2045. Kомбинаторика,Kомбинаторика
2046,1,32,45,2046. Редактор 1=>2,Редактор 1=&gt;2
2047,1,32,27,2047. Анализ данных 2,Анализ данных 2
2048,1,32,28,2048. Анализ данных 3,Анализ данных 3
2050,5,32,71,2050. Среднее геометрическое,Среднее геометрическое
2051,1,32,25,2051. Рекурсия 1,Рекурсия 1
2052,1,32,27,2052. Рекурсия 2,Рекурсия 2
2053,1,32,29,2053. Рекурсия 3,Рекурсия 3
2054,1,32,30,2054. Формула 1,Формула 1
2056,1,32,25,2056. Адресация - 2,Адресация - 2
2057,1,32,25,2057. Адресация - 3,Адресация - 3
2058,1,32,19,2058. Кузнечик 2D,Кузнечик 2D
2059,1,32,37,2059. Простоватые числа,Простоватые числа
2062,1,32,30,2062. Разность квадратов,Разность квадратов
2063,1,32,39,2063. Перекошенное разбиение,Перекошенное разбиение
